PermissionName,ApplicationPermission,DelegatePermission,Description,ApiCount,ApplicationGuid,DelegateGuid,SourceFiles,View
AccessReview.Read.All,False,False,Read all access reviews that user can access,26,,,accessreviewinstance-list-stages|accessreviewinstance-list-stages|accessreviewstage-list-decisions|a,https://graphpermissions.merill.net/permission/AccessReview.Read.All.html
AccessReview.ReadWrite.All,False,False,Manage all access reviews that user can access,64,,,accessreviewinstance-list-stages|accessreviewinstance-list-stages|accessreviewstage-list-decisions|a,https://graphpermissions.merill.net/permission/AccessReview.ReadWrite.All.html
AccessReview.ReadWrite.Membership,False,False,Manage access reviews for group and app memberships,14,,,accessreview-create|accessreview-create|accessreview-addreviewer|accessreview-addreviewer|accessrevi,https://graphpermissions.merill.net/permission/AccessReview.ReadWrite.Membership.html
Acronym.Read.All,False,False,Read all acronyms that the user can access,1,,,search-query|search-query|,https://graphpermissions.merill.net/permission/Acronym.Read.All.html
AdministrativeUnit.Read.All,False,False,Read administrative units,32,,,directory-deleteditems-get|directory-deleteditems-get|directory-deleteditems-list|directory-deletedi,https://graphpermissions.merill.net/permission/AdministrativeUnit.Read.All.html
AdministrativeUnit.ReadWrite.All,False,False,Read and write administrative units,22,,,directory-post-administrativeunits|directory-post-administrativeunits|administrativeunit-delete|admi,https://graphpermissions.merill.net/permission/AdministrativeUnit.ReadWrite.All.html
AgentCard.Read.All,False,False,Read agent cards in Agent Registry,0,,,,https://graphpermissions.merill.net/permission/AgentCard.Read.All.html
AgentCard.ReadWrite.All,False,False,Read and write agent cards in Agent Registry,0,,,,https://graphpermissions.merill.net/permission/AgentCard.ReadWrite.All.html
AgentCard.ReadWrite.ManagedBy,False,False,Read and write managed-by agent cards in Agent Registry,0,,,,https://graphpermissions.merill.net/permission/AgentCard.ReadWrite.ManagedBy.html
AgentCardManifest.Read.All,False,False,Read all agent card manifests in Agent Registry,3,,,agentcardmanifest-get|agentcardmanifest-get|agentinstance-list-agentcardmanifest|agentinstance-list-,https://graphpermissions.merill.net/permission/AgentCardManifest.Read.All.html
AgentCardManifest.ReadWrite.All,False,False,Read and write agent card manifests in Agent Registry,4,,,agentcardmanifest-get|agentcardmanifest-get|agentinstance-list-agentcardmanifest|agentinstance-list-,https://graphpermissions.merill.net/permission/AgentCardManifest.ReadWrite.All.html
AgentCardManifest.ReadWrite.ManagedBy,False,False,Read and write managed-by agent card manifests in Agent Registry,4,,,agentcardmanifest-get|agentinstance-list-agentcardmanifest|agentinstance-list-agentcardmanifest|agen,https://graphpermissions.merill.net/permission/AgentCardManifest.ReadWrite.ManagedBy.html
AgentCollection.Read.All,False,False,"Read all collections in Agent Registry, except quarantined and global",3,,,agentcollection-get|agentcollection-get|agentcollection-list-members|agentcollection-list-members|ag,https://graphpermissions.merill.net/permission/AgentCollection.Read.All.html
AgentCollection.ReadWrite.All,False,False,"Read and write collections in Agent Registry, except quarantined and global",8,,,agentcollection-delete-members|agentcollection-delete-members|agentcollection-delete-members|agentre,https://graphpermissions.merill.net/permission/AgentCollection.ReadWrite.All.html
AgentCollection.ReadWrite.ManagedBy,False,False,Read and write managed-by collections in Agent Registry,8,,,agentcollection-delete-members|agentregistry-delete-agentcollections|agentcollection-get|agentcollec,https://graphpermissions.merill.net/permission/AgentCollection.ReadWrite.ManagedBy.html
AgentCommunicationConfiguration.Read.All,False,False,Read all agent communication configurations,0,,,,https://graphpermissions.merill.net/permission/AgentCommunicationConfiguration.Read.All.html
AgentCommunicationConfiguration.ReadWrite.All,False,False,Read and write all agent communication configurations,0,,,,https://graphpermissions.merill.net/permission/AgentCommunicationConfiguration.ReadWrite.All.html
AgentIdentity.Create.All,False,False,Create agent identities without an agent blueprint parent,1,,,agentidentity-post|agentidentity-post|agentidentity-post|agentidentity-post|,https://graphpermissions.merill.net/permission/AgentIdentity.Create.All.html
AgentIdentity.CreateAsManager,False,False,Create and manage agent identities as the parent agent identity blueprint,10,,,agentidentity-delete|agentidentity-update|agentidentity-post-owners|agentidentity-post|agentidentity,https://graphpermissions.merill.net/permission/AgentIdentity.CreateAsManager.html
AgentIdentity.DeleteRestore.All,False,False,Delete and restore agent identities,2,,,agentidentity-delete|agentidentity-delete|directory-deleteditems-restore|directory-deleteditems-rest,https://graphpermissions.merill.net/permission/AgentIdentity.DeleteRestore.All.html
AgentIdentity.EnableDisable.All,False,False,Enable or disable agent identities,1,,,agentidentity-update|agentidentity-update|agentidentity-update|agentidentity-update|,https://graphpermissions.merill.net/permission/AgentIdentity.EnableDisable.All.html
AgentIdentity.Read.All,False,False,Read all agent identities,16,,,directory-deleteditems-get|directory-deleteditems-get|directory-deleteditems-list|directory-deletedi,https://graphpermissions.merill.net/permission/AgentIdentity.Read.All.html
AgentIdentity.ReadWrite.All,False,False,Read and write all agent identities,9,,,directory-deleteditems-delete|directory-deleteditems-delete|agentidentity-post-sponsors|agentidentit,https://graphpermissions.merill.net/permission/AgentIdentity.ReadWrite.All.html
AgentIdentityBlueprint.AddRemoveCreds.All,False,False,Update agent identity blueprint credentials,9,,,agentidentityblueprint-addpassword|agentidentityblueprint-addpassword|agentidentityblueprint-addkey|,https://graphpermissions.merill.net/permission/AgentIdentityBlueprint.AddRemoveCreds.All.html
AgentIdentityBlueprint.Create,False,False,Create agent identity blueprints.,4,,,agentidentityblueprint-post-inheritablepermissions|agentidentityblueprint-post-inheritablepermission,https://graphpermissions.merill.net/permission/AgentIdentityBlueprint.Create.html
AgentIdentityBlueprint.DeleteRestore.All,False,False,Delete and restore agent identity blueprints.,7,,,agentidentityblueprint-delete|agentidentityblueprint-delete|agentidentityblueprint-unsetverifiedpubl,https://graphpermissions.merill.net/permission/AgentIdentityBlueprint.DeleteRestore.All.html
AgentIdentityBlueprint.Read.All,False,False,Read all agent identity blueprints,21,,,agentidentityblueprint-list|agentidentityblueprint-list|directory-deleteditems-get|directory-deleted,https://graphpermissions.merill.net/permission/AgentIdentityBlueprint.Read.All.html
AgentIdentityBlueprint.ReadWrite.All,False,False,Read and write all agent identity blueprints.,31,,,directory-deleteditems-delete|directory-deleteditems-delete|agentidentityblueprint-addpassword|agent,https://graphpermissions.merill.net/permission/AgentIdentityBlueprint.ReadWrite.All.html
AgentIdentityBlueprint.UpdateAuthProperties.All,False,False,Update agent identity blueprint authorization and authentication properties,0,,,,https://graphpermissions.merill.net/permission/AgentIdentityBlueprint.UpdateAuthProperties.All.html
AgentIdentityBlueprint.UpdateBranding.All,False,False,Update agent identity blueprint branding,5,,,agentidentityblueprint-update|agentidentityblueprint-update|agentidentityblueprint-update|agentident,https://graphpermissions.merill.net/permission/AgentIdentityBlueprint.UpdateBranding.All.html
AgentIdentityBlueprintPrincipal.Create,False,False,Create agent identity blueprint principals.,1,,,agentidentityblueprintprincipal-post|agentidentityblueprintprincipal-post|agentidentityblueprintprin,https://graphpermissions.merill.net/permission/AgentIdentityBlueprintPrincipal.Create.html
AgentIdentityBlueprintPrincipal.DeleteRestore.All,False,False,Delete and restore agent identity blueprint principals.,3,,,agentidentityblueprintprincipal-delete|agentidentityblueprintprincipal-delete|agentidentityblueprint,https://graphpermissions.merill.net/permission/AgentIdentityBlueprintPrincipal.DeleteRestore.All.html
AgentIdentityBlueprintPrincipal.EnableDisable.All,False,False,Enable or disable agent identity blueprint principals.,2,,,agentidentityblueprintprincipal-update|agentidentityblueprintprincipal-update|agentidentityblueprint,https://graphpermissions.merill.net/permission/AgentIdentityBlueprintPrincipal.EnableDisable.All.html
AgentIdentityBlueprintPrincipal.Read.All,False,False,Read agent identity blueprint principals.,15,,,directory-deleteditems-get|directory-deleteditems-get|agentidentityblueprintprincipal-list|agentiden,https://graphpermissions.merill.net/permission/AgentIdentityBlueprintPrincipal.Read.All.html
AgentIdentityBlueprintPrincipal.ReadWrite.All,False,False,Read and write all agent identity blueprint principals.,10,,,directory-deleteditems-delete|directory-deleteditems-delete|agentidentityblueprintprincipal-delete-s,https://graphpermissions.merill.net/permission/AgentIdentityBlueprintPrincipal.ReadWrite.All.html
AgentIdUser.ReadWrite.All,False,False,Read and write all agent ID users' full profiles,252,,,agentuser-delete-manager|agentuser-delete-manager|user-revokesigninsessions|user-revokesigninsession,https://graphpermissions.merill.net/permission/AgentIdUser.ReadWrite.All.html
AgentIdUser.ReadWrite.IdentityParentedBy,False,False,Read and write full profiles of agent ID users under an agent blueprint,254,,,agentuser-delete-manager|agentuser-delete-manager|directory-deleteditems-delete|directory-deletedite,https://graphpermissions.merill.net/permission/AgentIdUser.ReadWrite.IdentityParentedBy.html
AgentInstance.Read.All,False,False,Read all agent instances in Agent Registry,5,,,agentinstance-get|agentinstance-get|agentinstance-list-collections|agentinstance-list-collections|ag,https://graphpermissions.merill.net/permission/AgentInstance.Read.All.html
AgentInstance.ReadWrite.All,False,False,Read and write agent instances in Agent Registry,8,,,agentinstance-get|agentinstance-get|agentinstance-list-collections|agentinstance-list-collections|ag,https://graphpermissions.merill.net/permission/AgentInstance.ReadWrite.All.html
AgentInstance.ReadWrite.ManagedBy,False,False,Read and write managed-by agent instances in Agent Registry,8,,,agentinstance-get|agentinstance-list-collections|agentinstance-list-agentcardmanifest|agentinstance-,https://graphpermissions.merill.net/permission/AgentInstance.ReadWrite.ManagedBy.html
AgentRegistration.Read.All,False,False,Read all agent registrations,0,,,,https://graphpermissions.merill.net/permission/AgentRegistration.Read.All.html
AgentRegistration.ReadWrite.All,False,False,Read and write all agent registrations,0,,,,https://graphpermissions.merill.net/permission/AgentRegistration.ReadWrite.All.html
Agreement.Read.All,False,False,Read all terms of use agreements,5,,,agreementfile-get|termsofusecontainer-list-agreements|agreement-list-files|agreement-get|agreementfi,https://graphpermissions.merill.net/permission/Agreement.Read.All.html
Agreement.ReadWrite.All,False,False,Read and write all terms of use agreements,6,,,termsofusecontainer-post-agreements|agreementfile-get|agreement-post-files|agreement-delete|agreemen,https://graphpermissions.merill.net/permission/Agreement.ReadWrite.All.html
AgreementAcceptance.Read.All,False,False,Read terms of use acceptance statuses that user can access,3,,,agreement-list-acceptances|user-list-agreementacceptances|user-list-agreementacceptances|agreement-l,https://graphpermissions.merill.net/permission/AgreementAcceptance.Read.All.html
AiEnterpriseInteraction.Read.All,False,False,Read all AI enterprise interactions.,7,,,subscription-delete|subscription-delete|subscription-list|subscription-list|subscription-update|subs,https://graphpermissions.merill.net/permission/AiEnterpriseInteraction.Read.All.html
APIConnectors.Read.All,False,False,Read API connectors for authentication flows,0,,,,https://graphpermissions.merill.net/permission/APIConnectors.Read.All.html
APIConnectors.ReadWrite.All,False,False,Read and write API connectors for authentication flows,6,,,identityapiconnector-update|identityapiconnector-update|identityapiconnector-get|identityapiconnecto,https://graphpermissions.merill.net/permission/APIConnectors.ReadWrite.All.html
AppCatalog.Read.All,False,False,Read all app catalogs,7,,,teamworkbot-get|teamworkbot-get|appcatalogs-list-teamsapps|appcatalogs-list-teamsapps|teamworkhosted,https://graphpermissions.merill.net/permission/AppCatalog.Read.All.html
AppCatalog.ReadWrite.All,False,False,Read and write to all app catalogs,10,,,teamworkbot-get|teamworkbot-get|teamsapp-delete|teamsapp-publish|appcatalogs-list-teamsapps|appcatal,https://graphpermissions.merill.net/permission/AppCatalog.ReadWrite.All.html
Application-RemoteDesktopConfig.ReadWrite.All,False,False,Read and write the remote desktop security configuration for apps,35,,,remotedesktopsecurityconfiguration-post-targetdevicegroups|remotedesktopsecurityconfiguration-post-t,https://graphpermissions.merill.net/permission/Application-RemoteDesktopConfig.ReadWrite.All.html
Application.Read.All,False,False,Read applications,114,,,appmanagementpolicy-list-appliesto|appmanagementpolicy-list-appliesto|appmanagementpolicy-list-appli,https://graphpermissions.merill.net/permission/Application.Read.All.html
Application.ReadUpdate.All,False,False,Read and update all apps,0,,,,https://graphpermissions.merill.net/permission/Application.ReadUpdate.All.html
Application.ReadWrite.All,False,False,Read and write applications,204,,,serviceprincipal-delete-tokenlifetimepolicies|serviceprincipal-delete-tokenlifetimepolicies|servicep,https://graphpermissions.merill.net/permission/Application.ReadWrite.All.html
Application.ReadWrite.OwnedBy,False,False,Manage apps that this app creates or owns,199,,,serviceprincipal-delete-tokenlifetimepolicies|serviceprincipal-delete-tokenlifetimepolicies|servicep,https://graphpermissions.merill.net/permission/Application.ReadWrite.OwnedBy.html
AppRoleAssignment.ReadWrite.All,False,False,Manage app permission grants and app role assignments,20,,,group-delete-approleassignments|group-delete-approleassignments|group-list-approleassignments|group-,https://graphpermissions.merill.net/permission/AppRoleAssignment.ReadWrite.All.html
ApprovalSolution.Read.All,False,False,Read all approvals,0,,,,https://graphpermissions.merill.net/permission/ApprovalSolution.Read.All.html
ApprovalSolution.ReadWrite.All,False,False,Read all approvals and manage approval subscriptions,7,,,subscription-delete|subscription-list|subscription-getvapidpublickey|subscription-update|subscriptio,https://graphpermissions.merill.net/permission/ApprovalSolution.ReadWrite.All.html
AttackSimulation.Read.All,False,False,Read attack simulation data of an organization,35,,,landingpage-get|landingpage-get|landingpage-get|landingpage-get|attacksimulationroot-list-simulation,https://graphpermissions.merill.net/permission/AttackSimulation.Read.All.html
AttackSimulation.ReadWrite.All,False,False,"Read, create, and update attack simulation data of an organization",14,,,simulation-update|simulation-update|traininglanguagedetail-get|traininglanguagedetail-get|attacksimu,https://graphpermissions.merill.net/permission/AttackSimulation.ReadWrite.All.html
AuditActivity.Read,False,False,Read activity audit log from the audit store.,0,,,,https://graphpermissions.merill.net/permission/AuditActivity.Read.html
AuditActivity.Write,False,False,Upload activity audit logs to the audit store.,0,,,,https://graphpermissions.merill.net/permission/AuditActivity.Write.html
AuditLog.Read.All,False,False,Read audit log data,31,,,directoryaudit-list|directoryaudit-list|signin-get|signin-get|directoryaudit-get|directoryaudit-get|,https://graphpermissions.merill.net/permission/AuditLog.Read.All.html
AuditLogsQuery-CRM.Read.All,False,False,Read audit logs data from Dynamics CRM workload,4,,,security-auditcoreroot-list-auditlogqueries|security-auditcoreroot-list-auditlogqueries|security-aud,https://graphpermissions.merill.net/permission/AuditLogsQuery-CRM.Read.All.html
AuditLogsQuery-Endpoint.Read.All,False,False,Read audit logs data from Endpoint Data Loss Prevention workload,4,,,security-auditcoreroot-list-auditlogqueries|security-auditcoreroot-list-auditlogqueries|security-aud,https://graphpermissions.merill.net/permission/AuditLogsQuery-Endpoint.Read.All.html
AuditLogsQuery-Entra.Read.All,False,False,Read audit logs data from Entra (Azure AD) workload,4,,,security-auditcoreroot-list-auditlogqueries|security-auditcoreroot-list-auditlogqueries|security-aud,https://graphpermissions.merill.net/permission/AuditLogsQuery-Entra.Read.All.html
AuditLogsQuery-Exchange.Read.All,False,False,Read audit logs data from Exchange workload,4,,,security-auditcoreroot-list-auditlogqueries|security-auditcoreroot-list-auditlogqueries|security-aud,https://graphpermissions.merill.net/permission/AuditLogsQuery-Exchange.Read.All.html
AuditLogsQuery-OneDrive.Read.All,False,False,Read audit logs data from OneDrive workload,4,,,security-auditcoreroot-list-auditlogqueries|security-auditcoreroot-list-auditlogqueries|security-aud,https://graphpermissions.merill.net/permission/AuditLogsQuery-OneDrive.Read.All.html
AuditLogsQuery-SharePoint.Read.All,False,False,Read audit logs data from SharePoint workload,4,,,security-auditcoreroot-list-auditlogqueries|security-auditcoreroot-list-auditlogqueries|security-aud,https://graphpermissions.merill.net/permission/AuditLogsQuery-SharePoint.Read.All.html
AuditLogsQuery.Read.All,False,False,Read audit logs data from all services,4,,,security-auditcoreroot-list-auditlogqueries|security-auditcoreroot-list-auditlogqueries|security-aud,https://graphpermissions.merill.net/permission/AuditLogsQuery.Read.All.html
AuthenticationContext.Read.All,False,False,Read all authentication context information,2,,,conditionalaccessroot-list-authenticationcontextclassreferences|conditionalaccessroot-list-authentic,https://graphpermissions.merill.net/permission/AuthenticationContext.Read.All.html
AuthenticationContext.ReadWrite.All,False,False,Read and write all authentication context information,6,,,authenticationcontextclassreference-delete|authenticationcontextclassreference-delete|conditionalacc,https://graphpermissions.merill.net/permission/AuthenticationContext.ReadWrite.All.html
BackupRestore-Configuration.Read.All,False,False,Read backup configuration policies,36,,,onedriveforbusinessprotectionpolicy-list-driveprotectionunitsbulkadditionjobs|onedriveforbusinesspro,https://graphpermissions.merill.net/permission/BackupRestore-Configuration.Read.All.html
BackupRestore-Configuration.ReadWrite.All,False,False,Read and edit backup configuration policies,45,,,protectionpolicybase-activate|protectionpolicybase-activate|protectionrulebase-get|protectionrulebas,https://graphpermissions.merill.net/permission/BackupRestore-Configuration.ReadWrite.All.html
BackupRestore-Control.Read.All,False,False,Read the status of the M365 backup service,4,,,emailnotificationssetting-get|emailnotificationssetting-get|serviceapp-get|serviceapp-get|backuprest,https://graphpermissions.merill.net/permission/BackupRestore-Control.Read.All.html
BackupRestore-Control.ReadWrite.All,False,False,Update or read the status of the M365 backup service,7,,,backuprestoreroot-delete-serviceapps|backuprestoreroot-delete-serviceapps|serviceapp-deactivate|back,https://graphpermissions.merill.net/permission/BackupRestore-Control.ReadWrite.All.html
BackupRestore-Monitor.Read.All,False,False,"Read monitoring, quota and billing information for the tenant",0,,,,https://graphpermissions.merill.net/permission/BackupRestore-Monitor.Read.All.html
BackupRestore-Restore.Read.All,False,False,Read restore sessions,12,,,backuprestoreroot-list-restoresessions|backuprestoreroot-list-restoresessions|onedriveforbusinessres,https://graphpermissions.merill.net/permission/BackupRestore-Restore.Read.All.html
BackupRestore-Restore.ReadWrite.All,False,False,Read restore sessions and start restore sessions from backups,27,,,sharepointrestoresession-list-granularsiterestoreartifacts|sharepointrestoresession-list-granularsit,https://graphpermissions.merill.net/permission/BackupRestore-Restore.ReadWrite.All.html
BackupRestore-Search.Read.All,False,False,Search for metadata properties in backup snapshots,2,,,restorepoint-search|restorepoint-search|backuprestoreroot-list-restorepoints|backuprestoreroot-list-,https://graphpermissions.merill.net/permission/BackupRestore-Search.Read.All.html
BillingConfiguration.ReadWrite.All,False,False,Read and write application billing configuration,0,,,,https://graphpermissions.merill.net/permission/BillingConfiguration.ReadWrite.All.html
BitlockerKey.Read.All,False,False,Read BitLocker keys,2,,,bitlocker-list-recoverykeys|bitlocker-list-recoverykeys|bitlockerrecoverykey-get|bitlockerrecoveryke,https://graphpermissions.merill.net/permission/BitlockerKey.Read.All.html
BitlockerKey.ReadBasic.All,False,False,Read BitLocker keys basic information,2,,,bitlocker-list-recoverykeys|bitlocker-list-recoverykeys|bitlockerrecoverykey-get|bitlockerrecoveryke,https://graphpermissions.merill.net/permission/BitlockerKey.ReadBasic.All.html
Bookings.Manage.All,False,False,Manage bookings information,67,,,bookingbusiness-post-customquestions|bookingbusiness-post-customquestions|bookingcustomquestion-dele,https://graphpermissions.merill.net/permission/Bookings.Manage.All.html
Bookings.Read.All,False,False,Read bookings information,37,,,bookingappointment-delete|bookingcustomquestion-get|bookingcustomquestion-get|bookingbusiness-list-c,https://graphpermissions.merill.net/permission/Bookings.Read.All.html
Bookings.ReadWrite.All,False,False,Read and write bookings information,60,,,bookingbusiness-post-customquestions|bookingbusiness-post-customquestions|bookingcustomquestion-dele,https://graphpermissions.merill.net/permission/Bookings.ReadWrite.All.html
BookingsAppointment.ReadWrite.All,False,False,Read and write booking appointments,44,,,bookingbusiness-post-customquestions|bookingcustomquestion-delete|bookingappointment-cancel|bookinga,https://graphpermissions.merill.net/permission/BookingsAppointment.ReadWrite.All.html
Bookmark.Read.All,False,False,Read all bookmarks that the user can access,1,,,search-query|search-query|,https://graphpermissions.merill.net/permission/Bookmark.Read.All.html
BrowserSiteLists.Read.All,False,False,Read browser site lists for your organization,6,,,browsersitelist-list-sharedcookies|browsersitelist-list-sharedcookies|browsersitelist-get|browsersit,https://graphpermissions.merill.net/permission/BrowserSiteLists.Read.All.html
BrowserSiteLists.ReadWrite.All,False,False,Read and write browser site lists for your organization,16,,,browsersharedcookie-update|browsersharedcookie-update|browsersitelist-delete-sites|browsersitelist-d,https://graphpermissions.merill.net/permission/BrowserSiteLists.ReadWrite.All.html
BusinessScenarioConfig.Read.OwnedBy,False,False,Read business scenario configurations this app creates or owns,6,,,solutionsroot-list-businessscenarios|solutionsroot-list-businessscenarios|plannertaskconfiguration-g,https://graphpermissions.merill.net/permission/BusinessScenarioConfig.Read.OwnedBy.html
BusinessScenarioConfig.ReadWrite.OwnedBy,False,False,Read and write business scenario configurations this app creates or owns,11,,,solutionsroot-post-businessscenarios|solutionsroot-post-businessscenarios|solutionsroot-list-busines,https://graphpermissions.merill.net/permission/BusinessScenarioConfig.ReadWrite.OwnedBy.html
BusinessScenarioData.Read.OwnedBy,False,False,Read all data for business scenarios this app creates or owns,5,,,businessscenariotask-get|businessscenariotask-get|businessscenarioplanner-getplan|businessscenariopl,https://graphpermissions.merill.net/permission/BusinessScenarioData.Read.OwnedBy.html
BusinessScenarioData.ReadWrite.OwnedBy,False,False,Read and write all data for business scenarios this app creates or owns,8,,,businessscenarioplanner-post-tasks|businessscenarioplanner-post-tasks|businessscenariotask-get|busin,https://graphpermissions.merill.net/permission/BusinessScenarioData.ReadWrite.OwnedBy.html
Calendars.Read,False,False,"Read user calendars ",108,,,group-list-calendarview|group-list-calendarview|calendargroup-get|calendargroup-get|calendargroup-ge,https://graphpermissions.merill.net/permission/Calendars.Read.html
Calendars.Read.All,False,False,Read all users' work hours and locations,0,,,,https://graphpermissions.merill.net/permission/Calendars.Read.All.html
Calendars.ReadBasic.All,False,False,"Read basic details of calendars in all mailboxes ",0,,,,https://graphpermissions.merill.net/permission/Calendars.ReadBasic.All.html
Calendars.ReadWrite,False,False,"Have full access to user calendars ",265,,,group-list-calendarview|group-list-calendarview|user-list-events|user-list-events|workplanrecurrence,https://graphpermissions.merill.net/permission/Calendars.ReadWrite.html
Calendars.ReadWrite.All,False,False,Read and write all users' work hours and locations,0,,,,https://graphpermissions.merill.net/permission/Calendars.ReadWrite.All.html
CallAiInsights.Read.All,False,False,"Read all AI Insights for calls. ",0,,,,https://graphpermissions.merill.net/permission/CallAiInsights.Read.All.html
CallDelegation.Read.All,False,False,Read delegation settings,0,,,,https://graphpermissions.merill.net/permission/CallDelegation.Read.All.html
CallDelegation.ReadWrite.All,False,False,Read and write delegation settings,0,,,,https://graphpermissions.merill.net/permission/CallDelegation.ReadWrite.All.html
CallEvents-Emergency.Read.All,False,False,Read all emergency call events,0,,,,https://graphpermissions.merill.net/permission/CallEvents-Emergency.Read.All.html
CallEvents.Read.All,False,False,Read all call events,0,,,,https://graphpermissions.merill.net/permission/CallEvents.Read.All.html
CallRecord-PstnCalls.Read.All,False,False,Read PSTN and direct routing call log data,0,,,,https://graphpermissions.merill.net/permission/CallRecord-PstnCalls.Read.All.html
CallRecordings.Read.All,False,False,"Read all recordings of calls. ",2,,,adhoccall-getallrecordings|adhoccall-getallrecordings|,https://graphpermissions.merill.net/permission/CallRecordings.Read.All.html
CallRecords.Read.All,False,False,Read all call records,16,,,callrecords-callrecord-get|subscription-delete|callrecords-callrecord-getdirectroutingcalls|callreco,https://graphpermissions.merill.net/permission/CallRecords.Read.All.html
Calls.AccessMedia.All,False,False,Access media streams in a call as an app,26,,,call-changescreensharingrole|call-get|call-mute|call-cancelmediaprocessing|call-list-participants|ca,https://graphpermissions.merill.net/permission/Calls.AccessMedia.All.html
Calls.Initiate.All,False,False,Initiate outgoing 1 to 1 calls from the app,25,,,call-get|application-post-calls|call-transfer|call-mute|call-cancelmediaprocessing|call-list-partici,https://graphpermissions.merill.net/permission/Calls.Initiate.All.html
Calls.InitiateGroupCall.All,False,False,Initiate outgoing group calls from the app,18,,,participant-invite|application-post-calls|call-list-audioroutinggroups|call-list-audioroutinggroups|,https://graphpermissions.merill.net/permission/Calls.InitiateGroupCall.All.html
Calls.JoinGroupCall.All,False,False,Join group calls and meetings as an app,33,,,call-answer|application-post-calls|participant-stopholdmusic|call-list-audioroutinggroups|call-list-,https://graphpermissions.merill.net/permission/Calls.JoinGroupCall.All.html
Calls.JoinGroupCallAsGuest.All,False,False,Join group calls and meetings as a guest,17,,,call-answer|application-post-calls|participant-stopholdmusic|contentsharingsession-get|call-list-con,https://graphpermissions.merill.net/permission/Calls.JoinGroupCallAsGuest.All.html
Calls.ReportSyntheticMedia.All,False,False,Report synthetic media detections in calls,0,,,,https://graphpermissions.merill.net/permission/Calls.ReportSyntheticMedia.All.html
CallTranscripts.Read.All,False,False,"Read all transcripts of calls. ",1,,,adhoccall-getalltranscripts|adhoccall-getalltranscripts|,https://graphpermissions.merill.net/permission/CallTranscripts.Read.All.html
CaseManagement.Read.All,False,False,"Read all cases, relations, tasks, attachments and activities",15,,,security-casemanagement-casetypeconfiguration-list-statuses|security-casemanagement-casetypeconfigur,https://graphpermissions.merill.net/permission/CaseManagement.Read.All.html
CaseManagement.ReadWrite.All,False,False,"Read and write to all cases, relations, tasks, attachments and activities",27,,,security-casemanagement-casetypeconfiguration-list-statuses|security-casemanagement-casetypeconfigur,https://graphpermissions.merill.net/permission/CaseManagement.ReadWrite.All.html
ChangeManagement.Read.All,False,False,Read Change Management items,0,,,,https://graphpermissions.merill.net/permission/ChangeManagement.Read.All.html
Channel.Create,False,False,Create channels,1,,,channel-post|channel-post|channel-post|channel-post|,https://graphpermissions.merill.net/permission/Channel.Create.html
Channel.Delete.All,False,False,Delete channels,2,,,team-delete-incomingchannels|team-delete-incomingchannels|channel-delete|channel-delete|team-delete-,https://graphpermissions.merill.net/permission/Channel.Delete.All.html
Channel.ReadBasic.All,False,False,Read the names and descriptions of channels,12,,,channel-get|channel-get|team-list-incomingchannels|team-list-incomingchannels|subscription-delete|su,https://graphpermissions.merill.net/permission/Channel.ReadBasic.All.html
ChannelMember.Read.All,False,False,Read the members of channels,17,,,channel-list-allmembers|channel-list-allmembers|subscription-delete|channel-get-members|channel-get-,https://graphpermissions.merill.net/permission/ChannelMember.Read.All.html
ChannelMember.ReadWrite.All,False,False,Add and remove members from channels,17,,,sharedwithchannelteaminfo-delete|sharedwithchannelteaminfo-delete|channel-post-members|channel-post-,https://graphpermissions.merill.net/permission/ChannelMember.ReadWrite.All.html
ChannelMessage.Read.All,False,False,Read user channel messages,18,,,chatmessagehostedcontent-get|chatmessagehostedcontent-get|chatmessagehostedcontent-get|chatmessageho,https://graphpermissions.merill.net/permission/ChannelMessage.Read.All.html
ChannelMessage.UpdatePolicyViolation.All,False,False,Flag channel messages for violating policy,2,,,chatmessage-update|chatmessage-update|chatmessage-update|chatmessage-update|,https://graphpermissions.merill.net/permission/ChannelMessage.UpdatePolicyViolation.All.html
ChannelSettings.Read.All,False,False,"Read the names, descriptions, and settings of channels",12,,,channel-get|channel-get|team-list-incomingchannels|team-list-incomingchannels|subscription-delete|su,https://graphpermissions.merill.net/permission/ChannelSettings.Read.All.html
ChannelSettings.ReadWrite.All,False,False,"Read and write the names, descriptions, and settings of channels",12,,,channel-get|channel-get|team-list-incomingchannels|team-list-incomingchannels|team-list-allchannels|,https://graphpermissions.merill.net/permission/ChannelSettings.ReadWrite.All.html
Chat.Create,False,False,Create chats,1,,,chat-post|chat-post|chat-post|chat-post|,https://graphpermissions.merill.net/permission/Chat.Create.html
Chat.ManageDeletion.All,False,False,Delete and recover deleted chats,3,,,chat-delete|chat-delete|deletedchat-get|deletedchat-get|deletedchat-undodelete|deletedchat-undodelet,https://graphpermissions.merill.net/permission/Chat.ManageDeletion.All.html
Chat.Read.All,False,False,Read all chat messages,31,,,chat-get-members|chat-get-members|chat-list-messages|chat-list-messages|chat-list-messages|chats-get,https://graphpermissions.merill.net/permission/Chat.Read.All.html
Chat.Read.WhereInstalled,False,False,Read all chat messages for chats where the associated Teams application is installed.,7,,,subscription-delete|subscription-delete|subscription-delete|subscription-list|subscription-list|subs,https://graphpermissions.merill.net/permission/Chat.Read.WhereInstalled.html
Chat.ReadBasic.All,False,False,Read names and members of all chat threads,18,,,chat-get-members|chat-get-members|subscription-delete|subscription-delete|subscription-delete|subscr,https://graphpermissions.merill.net/permission/Chat.ReadBasic.All.html
Chat.ReadBasic.WhereInstalled,False,False,Read names and members of all chat threads where the associated Teams application is installed.,10,,,subscription-delete|subscription-delete|subscription-list|subscription-list|subscription-update|subs,https://graphpermissions.merill.net/permission/Chat.ReadBasic.WhereInstalled.html
Chat.ReadWrite.All,False,False,Read and write all chat messages,38,,,chat-get-members|chat-get-members|chat-list-messages|chat-list-messages|chat-list-messages|chat-post,https://graphpermissions.merill.net/permission/Chat.ReadWrite.All.html
Chat.ReadWrite.WhereInstalled,False,False,Read and write all chat messages for chats where the associated Teams application is installed.,7,,,subscription-delete|subscription-delete|subscription-delete|subscription-list|subscription-list|subs,https://graphpermissions.merill.net/permission/Chat.ReadWrite.WhereInstalled.html
Chat.UpdatePolicyViolation.All,False,False,Flag chat messages for violating policy,2,,,chatmessage-update|chatmessage-update|chatmessage-update|chatmessage-update|,https://graphpermissions.merill.net/permission/Chat.UpdatePolicyViolation.All.html
ChatMember.Read.All,False,False,Read the members of all chats,12,,,chat-get-members|chat-get-members|subscription-delete|subscription-delete|subscription-list|subscrip,https://graphpermissions.merill.net/permission/ChatMember.Read.All.html
ChatMember.Read.WhereInstalled,False,False,Read the members of all chats where the associated Teams application is installed.,7,,,subscription-delete|subscription-list|subscription-update|subscription-post-subscriptions|subscripti,https://graphpermissions.merill.net/permission/ChatMember.Read.WhereInstalled.html
ChatMember.ReadWrite.All,False,False,Add and remove members from all chats,14,,,chat-get-members|chat-get-members|chat-delete-members|chat-post-members|subscription-delete|subscrip,https://graphpermissions.merill.net/permission/ChatMember.ReadWrite.All.html
ChatMember.ReadWrite.WhereInstalled,False,False,Add and remove members from all chats where the associated Teams application is installed.,7,,,subscription-delete|subscription-list|subscription-update|subscription-post-subscriptions|subscripti,https://graphpermissions.merill.net/permission/ChatMember.ReadWrite.WhereInstalled.html
ChatMessage.Read.All,False,False,Read all chat messages,1,,,chat-list-pinnedmessages|chat-list-pinnedmessages|,https://graphpermissions.merill.net/permission/ChatMessage.Read.All.html
CloudApp-Discovery.Read.All,False,False,Read discovered cloud applications data,7,,,security-discoveredcloudappinfo-get|security-discoveredcloudappinfo-get|security-datadiscoveryreport,https://graphpermissions.merill.net/permission/CloudApp-Discovery.Read.All.html
CloudPC.Read.All,False,False,Read Cloud PCs,97,,,cloudpcauditevent-getauditactivitytypes|cloudpcauditevent-getauditactivitytypes|virtualendpoint-list,https://graphpermissions.merill.net/permission/CloudPC.Read.All.html
CloudPC.ReadWrite.All,False,False,Read and write Cloud PCs,181,,,cloudpcauditevent-getauditactivitytypes|cloudpcauditevent-getauditactivitytypes|virtualendpoint-list,https://graphpermissions.merill.net/permission/CloudPC.ReadWrite.All.html
Community.Read.All,False,False,Read all Viva Engage communities,3,,,engagementasyncoperation-get|engagementasyncoperation-get|employeeexperience-list-communities|employ,https://graphpermissions.merill.net/permission/Community.Read.All.html
Community.ReadWrite.All,False,False,Read and write all Viva Engage communities,6,,,engagementasyncoperation-get|engagementasyncoperation-get|employeeexperience-list-communities|employ,https://graphpermissions.merill.net/permission/Community.ReadWrite.All.html
ConfigurationMonitoring.Read.All,False,False,Read all Configuration Monitoring entities,10,,,configurationsnapshotjob-get|configurationsnapshotjob-get|configurationmanagement-list-configuration,https://graphpermissions.merill.net/permission/ConfigurationMonitoring.Read.All.html
ConfigurationMonitoring.ReadWrite.All,False,False,Read and write all Configuration Monitoring entities,15,,,configurationmanagement-post-configurationmonitors|configurationmanagement-post-configurationmonitor,https://graphpermissions.merill.net/permission/ConfigurationMonitoring.ReadWrite.All.html
ConsentRequest.Read.All,False,False,Read consent requests,6,,,appconsentrequest-list-userconsentrequests|appconsentrequest-list-userconsentrequests|userconsentreq,https://graphpermissions.merill.net/permission/ConsentRequest.Read.All.html
ConsentRequest.ReadWrite.All,False,False,Read and write consent requests,6,,,appconsentrequest-list-userconsentrequests|appconsentrequest-list-userconsentrequests|userconsentreq,https://graphpermissions.merill.net/permission/ConsentRequest.ReadWrite.All.html
Contacts-OnPremisesSyncBehavior.ReadWrite.All,False,False,Read and update the on-premises sync behavior of contacts,6,,,onpremisessyncbehavior-get|onpremisessyncbehavior-get|onpremisessyncbehavior-get|onpremisessyncbehav,https://graphpermissions.merill.net/permission/Contacts-OnPremisesSyncBehavior.ReadWrite.All.html
Contacts.Read,False,False,"Read user contacts ",74,,,user-list-contactfolders|user-list-contactfolders|user-list-contactfolders|user-list-contactfolders|,https://graphpermissions.merill.net/permission/Contacts.Read.html
Contacts.ReadWrite,False,False,"Have full access to user contacts ",177,,,user-list-contactfolders|user-list-contactfolders|user-list-contactfolders|user-list-contactfolders|,https://graphpermissions.merill.net/permission/Contacts.ReadWrite.html
Content.Process.All,False,False,"Process content for data security, governance and compliance",2,,,tenantdatasecurityandgovernance-processcontentasync|tenantdatasecurityandgovernance-processcontentas,https://graphpermissions.merill.net/permission/Content.Process.All.html
Content.Process.User,False,False,"Process content for data security, governance and compliance",1,,,userdatasecurityandgovernance-processcontent|userdatasecurityandgovernance-processcontent|userdatase,https://graphpermissions.merill.net/permission/Content.Process.User.html
ContentActivity.Read,False,False,Read contents activity audit log from the audit store.,0,,,,https://graphpermissions.merill.net/permission/ContentActivity.Read.html
ContentActivity.Write,False,False,Upload contents activity audit logs to the audit store.,1,,,activitiescontainer-post-contentactivities|activitiescontainer-post-contentactivities|activitiescont,https://graphpermissions.merill.net/permission/ContentActivity.Write.html
Contracts.Read.All,False,False,Read contracts,0,,,,https://graphpermissions.merill.net/permission/Contracts.Read.All.html
CopilotPackages.Read.All,False,False,Read all packages information,0,,,,https://graphpermissions.merill.net/permission/CopilotPackages.Read.All.html
CopilotPackages.ReadWrite.All,False,False,Read and update all packages information,0,,,,https://graphpermissions.merill.net/permission/CopilotPackages.ReadWrite.All.html
CopilotPolicySettings.Read,False,False,Read Copilot policy settings,0,,,,https://graphpermissions.merill.net/permission/CopilotPolicySettings.Read.html
CopilotPolicySettings.ReadWrite,False,False,Read and write Copilot policy settings,0,,,,https://graphpermissions.merill.net/permission/CopilotPolicySettings.ReadWrite.html
CrossTenantInformation.ReadBasic.All,False,False,Read cross-tenant basic information,2,,,tenantrelationship-findtenantinformationbytenantid|tenantrelationship-findtenantinformationbytenanti,https://graphpermissions.merill.net/permission/CrossTenantInformation.ReadBasic.All.html
CrossTenantUserProfileSharing.Read.All,False,False,Read all shared cross-tenant user profiles and export their data,6,,,inboundshareduserprofile-get|inboundshareduserprofile-get|inboundshareduserprofile-exportpersonaldat,https://graphpermissions.merill.net/permission/CrossTenantUserProfileSharing.Read.All.html
CrossTenantUserProfileSharing.ReadWrite.All,False,False,Read all shared cross-tenant user profiles and export or delete their data,8,,,inboundshareduserprofile-get|inboundshareduserprofile-get|inboundshareduserprofile-exportpersonaldat,https://graphpermissions.merill.net/permission/CrossTenantUserProfileSharing.ReadWrite.All.html
CustomAuthenticationExtension.Read.All,False,False,Read your organization's custom authentication extensions,3,,,identitycontainer-list-customauthenticationextensions|identitycontainer-list-customauthenticationext,https://graphpermissions.merill.net/permission/CustomAuthenticationExtension.Read.All.html
CustomAuthenticationExtension.ReadWrite.All,False,False,Read and write your organization's custom authentication extensions,6,,,customauthenticationextension-delete|customauthenticationextension-delete|identitycontainer-post-cus,https://graphpermissions.merill.net/permission/CustomAuthenticationExtension.ReadWrite.All.html
CustomAuthenticationExtension.Receive.Payload,False,False,Receive custom authentication extension HTTP requests,0,,,,https://graphpermissions.merill.net/permission/CustomAuthenticationExtension.Receive.Payload.html
CustomDetection.Read.All,False,False,Read custom detection rules,2,,,security-detectionrule-get|security-detectionrule-get|security-rulesroot-list-detectionrules|securit,https://graphpermissions.merill.net/permission/CustomDetection.Read.All.html
CustomDetection.ReadWrite.All,False,False,Read and write custom detection rules,5,,,security-detectionrule-get|security-detectionrule-get|security-detectionrule-update|security-detecti,https://graphpermissions.merill.net/permission/CustomDetection.ReadWrite.All.html
CustomSecAttributeAssignment.Read.All,False,False,Read custom security attribute assignments,0,,,,https://graphpermissions.merill.net/permission/CustomSecAttributeAssignment.Read.All.html
CustomSecAttributeAssignment.ReadWrite.All,False,False,Read and write custom security attribute assignments,0,,,,https://graphpermissions.merill.net/permission/CustomSecAttributeAssignment.ReadWrite.All.html
CustomSecAttributeAuditLogs.Read.All,False,False,Read custom security attribute audit logs,2,,,auditlogroot-list-customsecurityattributeaudits|auditlogroot-list-customsecurityattributeaudits|cust,https://graphpermissions.merill.net/permission/CustomSecAttributeAuditLogs.Read.All.html
CustomSecAttributeDefinition.Read.All,False,False,Read custom security attribute definitions,6,,,directory-list-customsecurityattributedefinitions|directory-list-customsecurityattributedefinitions|,https://graphpermissions.merill.net/permission/CustomSecAttributeDefinition.Read.All.html
CustomSecAttributeDefinition.ReadWrite.All,False,False,Read and write custom security attribute definitions,12,,,directory-list-customsecurityattributedefinitions|directory-list-customsecurityattributedefinitions|,https://graphpermissions.merill.net/permission/CustomSecAttributeDefinition.ReadWrite.All.html
CustomSecAttributeProvisioning.Read.All,False,False,Read the provisioning configuration of all active custom security attributes,3,,,synchronization-synchronizationschema-get|synchronization-synchronizationschema-get|synchronization-,https://graphpermissions.merill.net/permission/CustomSecAttributeProvisioning.Read.All.html
CustomSecAttributeProvisioning.ReadWrite.All,False,False,Read and edit the provisioning configuration of all active custom security attributes,7,,,synchronization-synchronizationschema-update|synchronization-synchronizationschema-update|synchroniz,https://graphpermissions.merill.net/permission/CustomSecAttributeProvisioning.ReadWrite.All.html
CustomTags.Read.All,False,False,Read all custom tags data,0,,,,https://graphpermissions.merill.net/permission/CustomTags.Read.All.html
CustomTags.ReadWrite.All,False,False,Read and write custom tags data,0,,,,https://graphpermissions.merill.net/permission/CustomTags.ReadWrite.All.html
DelegatedAdminRelationship.Read.All,False,False,Read Delegated Admin relationships with customers,11,,,tenantrelationship-list-delegatedadmincustomers|tenantrelationship-list-delegatedadmincustomers|dele,https://graphpermissions.merill.net/permission/DelegatedAdminRelationship.Read.All.html
DelegatedAdminRelationship.ReadWrite.All,False,False,Manage Delegated Admin relationships with customers,18,,,tenantrelationship-post-delegatedadminrelationships|tenantrelationship-post-delegatedadminrelationsh,https://graphpermissions.merill.net/permission/DelegatedAdminRelationship.ReadWrite.All.html
DelegatedPermissionGrant.Read.All,False,False,Read delegated permission grants,0,,,,https://graphpermissions.merill.net/permission/DelegatedPermissionGrant.Read.All.html
DelegatedPermissionGrant.ReadWrite.All,False,False,Manage all delegated permission grants,12,,,serviceprincipal-list-oauth2permissiongrants|serviceprincipal-list-oauth2permissiongrants|servicepri,https://graphpermissions.merill.net/permission/DelegatedPermissionGrant.ReadWrite.All.html
Device.Read.All,False,False,Read all devices,32,,,device-delta|device-delta|directoryobject-checkmembergroups|directoryobject-checkmembergroups|direct,https://graphpermissions.merill.net/permission/Device.Read.All.html
Device.ReadWrite.All,False,False,,129,,,directoryobject-checkmembergroups|directoryobject-checkmembergroups|opentypeextension-update|opentyp,https://graphpermissions.merill.net/permission/Device.ReadWrite.All.html
DeviceLocalCredential.Read.All,False,False,Read device local credential passwords,2,,,devicelocalcredentialinfo-get|devicelocalcredentialinfo-get|directory-list-devicelocalcredentials|di,https://graphpermissions.merill.net/permission/DeviceLocalCredential.Read.All.html
DeviceLocalCredential.ReadBasic.All,False,False,Read device local credential properties,2,,,devicelocalcredentialinfo-get|devicelocalcredentialinfo-get|directory-list-devicelocalcredentials|di,https://graphpermissions.merill.net/permission/DeviceLocalCredential.ReadBasic.All.html
DeviceManagementApps.Read.All,False,False,Read Microsoft Intune apps,242,,,intune-onboarding-vpptoken-get|intune-onboarding-vpptoken-get|intune-apps-windowsmobilemsi-get|intun,https://graphpermissions.merill.net/permission/DeviceManagementApps.Read.All.html
DeviceManagementApps.ReadWrite.All,False,False,Read and write Microsoft Intune apps,532,,,intune-onboarding-vpptoken-get|intune-onboarding-vpptoken-get|intune-mam-windowsinformationprotectio,https://graphpermissions.merill.net/permission/DeviceManagementApps.ReadWrite.All.html
DeviceManagementCloudCA.Read.All,False,False,Read Microsoft Cloud PKI objects,3,,,intune-cloudpkigraphservice-cloudcertificationauthority-get|intune-cloudpkigraphservice-cloudcertifi,https://graphpermissions.merill.net/permission/DeviceManagementCloudCA.Read.All.html
DeviceManagementCloudCA.ReadWrite.All,False,False,Read and write Microsoft Cloud PKI objects,4,,,intune-cloudpkigraphservice-cloudcertificationauthority-get|intune-cloudpkigraphservice-cloudcertifi,https://graphpermissions.merill.net/permission/DeviceManagementCloudCA.ReadWrite.All.html
DeviceManagementConfiguration.Read.All,False,False,Read Microsoft Intune Device Configuration and Policies,878,,,intune-deviceconfig-settingstatedevicesummary-list|intune-deviceconfig-settingstatedevicesummary-lis,https://graphpermissions.merill.net/permission/DeviceManagementConfiguration.Read.All.html
DeviceManagementConfiguration.ReadWrite.All,False,False,Read and write Microsoft Intune Device Configuration and Policies,1961,,,intune-deviceconfig-windowsphone81compliancepolicy-create|intune-deviceconfig-windowsphone81complian,https://graphpermissions.merill.net/permission/DeviceManagementConfiguration.ReadWrite.All.html
DeviceManagementDeploymentPlans.Read.All,False,False,Read Microsoft Intune Deployment Plans,0,,,,https://graphpermissions.merill.net/permission/DeviceManagementDeploymentPlans.Read.All.html
DeviceManagementDeploymentPlans.ReadWrite.All,False,False,Read and write Microsoft Intune Deployment Plans,0,,,,https://graphpermissions.merill.net/permission/DeviceManagementDeploymentPlans.ReadWrite.All.html
DeviceManagementManagedDevices.PrivilegedOperations.All,False,False,Perform user-impacting remote actions on Microsoft Intune devices,309,,,intune-devices-manageddevice-disablelostmode|intune-devices-manageddevice-disablelostmode|intune-dev,https://graphpermissions.merill.net/permission/DeviceManagementManagedDevices.PrivilegedOperations.All.html
DeviceManagementManagedDevices.Read.All,False,False,Read Microsoft Intune devices,273,,,intune-devices-userexperienceanalyticsapphealthdevicemodelperformance-list|intune-devices-userexperi,https://graphpermissions.merill.net/permission/DeviceManagementManagedDevices.Read.All.html
DeviceManagementManagedDevices.ReadWrite.All,False,False,Read and write Microsoft Intune devices,481,,,intune-devices-windowsdevicemalwarestate-update|intune-devices-windowsdevicemalwarestate-update|intu,https://graphpermissions.merill.net/permission/DeviceManagementManagedDevices.ReadWrite.All.html
DeviceManagementRBAC.Read.All,False,False,Read Microsoft Intune RBAC settings,52,,,intune-rbac-devicemanagement-geteffectivepermissions|intune-rbac-devicemanagement-geteffectivepermis,https://graphpermissions.merill.net/permission/DeviceManagementRBAC.Read.All.html
DeviceManagementRBAC.ReadWrite.All,False,False,Read and write Microsoft Intune RBAC settings,79,,,intune-rbac-roleassignment-update|intune-rbac-roleassignment-update|intune-rbac-deviceandappmanageme,https://graphpermissions.merill.net/permission/DeviceManagementRBAC.ReadWrite.All.html
DeviceManagementScripts.Read.All,False,False,Read Microsoft Intune Scripts,31,,,intune-devices-devicemanagementscriptdevicestate-list|intune-devices-devicemanagementscriptdevicesta,https://graphpermissions.merill.net/permission/DeviceManagementScripts.Read.All.html
DeviceManagementScripts.ReadWrite.All,False,False,Read and write Microsoft Intune Scripts,53,,,intune-devices-devicemanagementscriptdevicestate-list|intune-devices-devicemanagementscriptdevicesta,https://graphpermissions.merill.net/permission/DeviceManagementScripts.ReadWrite.All.html
DeviceManagementServiceConfig.Read.All,False,False,Read Microsoft Intune configuration,98,,,intune-onboarding-devicemanagementpartner-terminate|intune-onboarding-devicemanagementpartner-termin,https://graphpermissions.merill.net/permission/DeviceManagementServiceConfig.Read.All.html
DeviceManagementServiceConfig.ReadWrite.All,False,False,Read and write Microsoft Intune configuration,275,,,intune-onboarding-vpptoken-get|intune-onboarding-vpptoken-get|intune-onboarding-deviceenrollmentplat,https://graphpermissions.merill.net/permission/DeviceManagementServiceConfig.ReadWrite.All.html
DeviceTemplate.Create,False,False,Create device templates,1,,,template-post-devicetemplates|template-post-devicetemplates|,https://graphpermissions.merill.net/permission/DeviceTemplate.Create.html
DeviceTemplate.Read.All,False,False,Read all device templates,3,,,devicetemplate-list-owners|devicetemplate-list-owners|devicetemplate-get|devicetemplate-get|template,https://graphpermissions.merill.net/permission/DeviceTemplate.Read.All.html
DeviceTemplate.ReadWrite.All,False,False,Read and write all device templates,7,,,devicetemplate-post-owners|devicetemplate-post-owners|devicetemplate-delete-owners|devicetemplate-de,https://graphpermissions.merill.net/permission/DeviceTemplate.ReadWrite.All.html
Directory.Read.All,False,False,Read directory data,295,,,directoryobject-validateproperties|directoryobject-validateproperties|organization-list|organization,https://graphpermissions.merill.net/permission/Directory.Read.All.html
Directory.ReadWrite.All,False,False,Read and write directory data,399,,,directoryobject-validateproperties|directoryobject-validateproperties|groupsetting-update|groupsetti,https://graphpermissions.merill.net/permission/Directory.ReadWrite.All.html
DirectoryRecommendations.Read.All,False,False,Read Azure AD recommendations,6,,,directory-list-recommendation|directory-list-recommendation|impactedresource-get|impactedresource-ge,https://graphpermissions.merill.net/permission/DirectoryRecommendations.Read.All.html
DirectoryRecommendations.ReadWrite.All,False,False,Read and update Azure AD recommendations,14,,,directory-list-recommendation|directory-list-recommendation|impactedresource-get|impactedresource-ge,https://graphpermissions.merill.net/permission/DirectoryRecommendations.ReadWrite.All.html
Domain-InternalFederation.Read.All,False,False,Read internal federation configuration for a domain.,2,,,domain-list-federationconfiguration|domain-list-federationconfiguration|internaldomainfederation-get,https://graphpermissions.merill.net/permission/Domain-InternalFederation.Read.All.html
Domain-InternalFederation.ReadWrite.All,False,False,"Create, read, update and delete internal federation configuration for a domain.",5,,,domain-list-federationconfiguration|domain-list-federationconfiguration|internaldomainfederation-del,https://graphpermissions.merill.net/permission/Domain-InternalFederation.ReadWrite.All.html
Domain.Read.All,False,False,Read domains.,10,,,domain-list-serviceconfigurationrecords|domain-list-serviceconfigurationrecords|samlorwsfedexternald,https://graphpermissions.merill.net/permission/Domain.Read.All.html
Domain.ReadWrite.All,False,False,Read and write domains,20,,,domain-list-serviceconfigurationrecords|domain-list-serviceconfigurationrecords|samlorwsfedexternald,https://graphpermissions.merill.net/permission/Domain.ReadWrite.All.html
eDiscovery.Read.All,False,False,Read all eDiscovery objects,166,,,security-ediscoveryholdpolicy-post-usersources|security-ediscoveryholdpolicy-post-usersources|securi,https://graphpermissions.merill.net/permission/eDiscovery.Read.All.html
eDiscovery.ReadWrite.All,False,False,Read and write all eDiscovery objects,185,,,security-ediscoveryholdpolicy-post-usersources|security-ediscoveryholdpolicy-post-usersources|securi,https://graphpermissions.merill.net/permission/eDiscovery.ReadWrite.All.html
EduAdministration.Read.All,False,False,Read Education app settings,0,,,,https://graphpermissions.merill.net/permission/EduAdministration.Read.All.html
EduAdministration.ReadWrite.All,False,False,Manage education app settings,0,,,,https://graphpermissions.merill.net/permission/EduAdministration.ReadWrite.All.html
EduAssignments.Read.All,False,False,Read all class assignments with grades,27,,,educationsubmissionresource-list-dependentresources|educationsubmittedsubmissionresource-get|educati,https://graphpermissions.merill.net/permission/EduAssignments.Read.All.html
EduAssignments.ReadBasic.All,False,False,Read all class assignments without grades,25,,,educationsubmissionresource-list-dependentresources|educationsubmittedsubmissionresource-get|educati,https://graphpermissions.merill.net/permission/EduAssignments.ReadBasic.All.html
EduAssignments.ReadWrite.All,False,False,"Create, read, update and delete all class assignments with grades",42,,,educationsubmissionresource-list-dependentresources|educationsubmittedsubmissionresource-get|educati,https://graphpermissions.merill.net/permission/EduAssignments.ReadWrite.All.html
EduAssignments.ReadWriteBasic.All,False,False,"Create, read, update and delete all class assignments without grades",31,,,educationsubmissionresource-list-dependentresources|educationsubmittedsubmissionresource-get|educati,https://graphpermissions.merill.net/permission/EduAssignments.ReadWriteBasic.All.html
EduCurricula.Read.All,False,False,Read all class modules and resources,4,,,educationmodule-get|educationclass-list-modules|educationmodule-list-resources|educationmoduleresour,https://graphpermissions.merill.net/permission/EduCurricula.Read.All.html
EduCurricula.ReadWrite.All,False,False,Read and write all class modules and resources,14,,,educationmodule-publish|educationmodule-get|educationclass-list-modules|educationmodule-list-resourc,https://graphpermissions.merill.net/permission/EduCurricula.ReadWrite.All.html
EduReports-Reading.Read.All,False,False,Read all tenant reading assignments submissions data,3,,,reportsroot-list-readingcoachpassages|reportsroot-list-speakerassignmentsubmissions|reportsroot-list,https://graphpermissions.merill.net/permission/EduReports-Reading.Read.All.html
EduReports-Reading.ReadAnonymous.All,False,False,Read all tenant reading assignments submissions data,3,,,reportsroot-list-readingcoachpassages|reportsroot-list-speakerassignmentsubmissions|reportsroot-list,https://graphpermissions.merill.net/permission/EduReports-Reading.ReadAnonymous.All.html
EduReports-Reflect.Read.All,False,False,Read all tenant reflect check-ins submissions data,1,,,reportsroot-list-reflectcheckinresponses|reportsroot-list-reflectcheckinresponses|,https://graphpermissions.merill.net/permission/EduReports-Reflect.Read.All.html
EduReports-Reflect.ReadAnonymous.All,False,False,Read all tenant reflect check-ins submissions data,1,,,reportsroot-list-reflectcheckinresponses|reportsroot-list-reflectcheckinresponses|,https://graphpermissions.merill.net/permission/EduReports-Reflect.ReadAnonymous.All.html
EduRoster.Read.All,False,False,Read the organization's roster,30,,,educationclass-list-schools|educationuser-list-classes|educationuser-list-classes|educationuser-list,https://graphpermissions.merill.net/permission/EduRoster.Read.All.html
EduRoster.ReadBasic.All,False,False,Read a limited subset of the organization's roster,3,,,educationuser-delta|educationclass-delta|educationschool-delta|educationuser-delta|educationclass-de,https://graphpermissions.merill.net/permission/EduRoster.ReadBasic.All.html
EduRoster.ReadWrite.All,False,False,Read and write the organization's roster,48,,,educationclass-delete-teachers|educationschool-delete|educationclass-list-schools|educationuser-list,https://graphpermissions.merill.net/permission/EduRoster.ReadWrite.All.html
EngagementConversation.Migration.All,False,False,Read and write all Viva Engage conversations,1,,,engagementasyncoperation-get|engagementasyncoperation-get|,https://graphpermissions.merill.net/permission/EngagementConversation.Migration.All.html
EngagementConversation.Read.All,False,False,Read all Viva Engage conversations,0,,,,https://graphpermissions.merill.net/permission/EngagementConversation.Read.All.html
EngagementConversation.ReadWrite.All,False,False,Read and write all Viva Engage conversations,0,,,,https://graphpermissions.merill.net/permission/EngagementConversation.ReadWrite.All.html
EngagementExport.Read.All,False,False,Export Viva Engage data,0,,,,https://graphpermissions.merill.net/permission/EngagementExport.Read.All.html
EngagementMeetingConversation.Read.All,False,False,Read all Viva Engage Teams QA conversations,2,,,cloudcommunications-getallonlinemeetingmessages|engagementconversationdiscussionmessage-list-reactio,https://graphpermissions.merill.net/permission/EngagementMeetingConversation.Read.All.html
EngagementRole.Read.All,False,False,Read all Viva Engage roles and role memberships,4,,,employeeexperienceuser-list-assignedroles|employeeexperienceuser-list-assignedroles|employeeexperien,https://graphpermissions.merill.net/permission/EngagementRole.Read.All.html
EngagementRole.ReadWrite.All,False,False,Modify Viva Engage role membership,6,,,employeeexperienceuser-list-assignedroles|employeeexperienceuser-list-assignedroles|employeeexperien,https://graphpermissions.merill.net/permission/EngagementRole.ReadWrite.All.html
EntitlementManagement.Read.All,False,False,Read all entitlement management resources,75,,,entitlementmanagement-list-assignments|entitlementmanagement-list-assignments|accesspackage-list-acc,https://graphpermissions.merill.net/permission/EntitlementManagement.Read.All.html
EntitlementManagement.ReadWrite.All,False,False,Read and write entitlement management resources,152,,,entitlementmanagement-list-assignments|entitlementmanagement-list-assignments|accesspackagesubject-g,https://graphpermissions.merill.net/permission/EntitlementManagement.ReadWrite.All.html
EntraBackup.Read.All,False,False,Read Preview jobs and snapshots,4,,,entrarecoveryservices-snapshot-get|entrarecoveryservices-snapshot-get|entrarecoveryservices-recovery,https://graphpermissions.merill.net/permission/EntraBackup.Read.All.html
EventListener.Read.All,False,False,Read your organization's authentication event listeners,7,,,onauthenticationmethodloadstartexternalusersselfservicesignup-list-identityproviders|onauthenticatio,https://graphpermissions.merill.net/permission/EventListener.Read.All.html
EventListener.ReadWrite.All,False,False,Read and write your organization's authentication event listeners,21,,,onauthenticationmethodloadstartexternalusersselfservicesignup-list-identityproviders|onauthenticatio,https://graphpermissions.merill.net/permission/EventListener.ReadWrite.All.html
ExchangeMessageTrace.Read.All,False,False,Search the email message trace,2,,,exchangemessagetrace-getdetailsbyrecipient|exchangemessagetrace-getdetailsbyrecipient|messagetracing,https://graphpermissions.merill.net/permission/ExchangeMessageTrace.Read.All.html
ExternalConnection.Read.All,False,False,Read all external connections,7,,,externalconnectors-externalconnection-list|externalconnectors-externalconnection-list|externalconnec,https://graphpermissions.merill.net/permission/ExternalConnection.Read.All.html
ExternalConnection.ReadWrite.All,False,False,Read and write all external connections,14,,,externalconnectors-externalconnection-list|externalconnectors-externalconnection-list|externalconnec,https://graphpermissions.merill.net/permission/ExternalConnection.ReadWrite.All.html
ExternalConnection.ReadWrite.OwnedBy,False,False,Read and write external connections,15,,,externalconnectors-externalconnection-list|externalconnectors-externalconnection-list|externalconnec,https://graphpermissions.merill.net/permission/ExternalConnection.ReadWrite.OwnedBy.html
ExternalItem.Read.All,False,False,Read items in external datasets,4,,,externalconnectors-externalgroup-get|externalconnectors-externalgroup-get|search-query|externalconne,https://graphpermissions.merill.net/permission/ExternalItem.Read.All.html
ExternalItem.ReadWrite.All,False,False,Read and write all external items,15,,,externalconnectors-externalitem-update|externalconnectors-externalitem-update|externalconnectors-ext,https://graphpermissions.merill.net/permission/ExternalItem.ReadWrite.All.html
ExternalItem.ReadWrite.OwnedBy,False,False,Read and write external items,15,,,externalconnectors-externalitem-update|externalconnectors-externalitem-update|externalconnectors-ext,https://graphpermissions.merill.net/permission/ExternalItem.ReadWrite.OwnedBy.html
ExternalUserProfile.Read.All,False,False,Read external user profiles,11,,,directory-deleteditems-get|directory-deleteditems-get|externaluserprofile-get|externaluserprofile-ge,https://graphpermissions.merill.net/permission/ExternalUserProfile.Read.All.html
ExternalUserProfile.ReadWrite.All,False,False,Read and write external user profiles,5,,,directory-delete-externaluserprofiles|directory-delete-externaluserprofiles|directory-deleteditems-d,https://graphpermissions.merill.net/permission/ExternalUserProfile.ReadWrite.All.html
FileIngestion.Ingest,False,False,Ingest SharePoint and OneDrive content to make it available in the search index,0,,,,https://graphpermissions.merill.net/permission/FileIngestion.Ingest.html
FileIngestionHybridOnboarding.Manage,False,False,Manage onboarding for a Hybrid Cloud tenant,0,,,,https://graphpermissions.merill.net/permission/FileIngestionHybridOnboarding.Manage.html
Files.Read.All,False,False,Read all files that user can access,133,,,driveitem-extractsensitivitylabels|driveitem-extractsensitivitylabels|driveitem-extractsensitivityla,https://graphpermissions.merill.net/permission/Files.Read.All.html
Files.ReadWrite.All,False,False,Have full access to all files user can access,268,,,driveitem-extractsensitivitylabels|driveitem-extractsensitivitylabels|driveitem-extractsensitivityla,https://graphpermissions.merill.net/permission/Files.ReadWrite.All.html
Files.ReadWrite.AppFolder,False,False,Have full access to the application's folder (preview),4,,,nameditem-delete|nameditem-delete|nameditem-delete|nameditem-delete|,https://graphpermissions.merill.net/permission/Files.ReadWrite.AppFolder.html
Files.SelectedOperations.Selected,False,False,"Access selected Files, on behalf of the signed-in user",6,,,driveitem-post-permissions|driveitem-post-permissions|driveitem-post-permissions|driveitem-post-perm,https://graphpermissions.merill.net/permission/Files.SelectedOperations.Selected.html
FileStorageContainer.Selected,False,False,Access selected file storage containers,57,,,filestoragecontainer-lock|filestoragecontainer-lock|filestoragecontainer-delete-permissions|filestor,https://graphpermissions.merill.net/permission/FileStorageContainer.Selected.html
FileStorageContainerTypeReg.Selected,False,False,Access selected file storage container type registrations.,10,,,filestoragecontainertyperegistration-post-applicationpermissiongrants|filestoragecontainertyperegist,https://graphpermissions.merill.net/permission/FileStorageContainerTypeReg.Selected.html
Group-Conversation.Read.All,False,False,Read group conversations,12,,,conversationthread-list-posts|conversationthread-list-posts|conversationthread-list-posts|conversati,https://graphpermissions.merill.net/permission/Group-Conversation.Read.All.html
Group-Conversation.ReadWrite.All,False,False,Read and write group conversations,18,,,conversationthread-list-posts|conversationthread-list-posts|conversationthread-list-posts|conversati,https://graphpermissions.merill.net/permission/Group-Conversation.ReadWrite.All.html
Group-NestingSupport.ReadWrite.All,False,False,Read and write groups' disableNesting property,4,,,group-list|group-list|group-get|group-get|group-update|group-update|group-delta|group-delta|group-li,https://graphpermissions.merill.net/permission/Group-NestingSupport.ReadWrite.All.html
Group-OnPremisesSyncBehavior.ReadWrite.All,False,False,Read and update the on-premises sync behavior of groups,6,,,onpremisessyncbehavior-get|onpremisessyncbehavior-get|onpremisessyncbehavior-get|onpremisessyncbehav,https://graphpermissions.merill.net/permission/Group-OnPremisesSyncBehavior.ReadWrite.All.html
Group-XTenantIdentitySync.Read.All,False,False,Read all Group Cross-Tenant Identity Synchronization properties,1,,,group-get|group-get|group-get|group-get|,https://graphpermissions.merill.net/permission/Group-XTenantIdentitySync.Read.All.html
Group.Create,False,False,Create groups,3,,,group-post-groups|administrativeunit-post-members|group-post-groups|administrativeunit-post-members|,https://graphpermissions.merill.net/permission/Group.Create.html
Group.ManageProtection.All,False,False,Manage the Microsoft Information Protection (MIP) label for M365 and security groups.,3,,,group-list|group-list|group-get|group-get|group-update|group-update|group-list|group-list|group-get|,https://graphpermissions.merill.net/permission/Group.ManageProtection.All.html
Group.Read.All,False,False,Read all groups,228,,,timeoff-get|directoryobject-validateproperties|directoryobject-validateproperties|plannerplan-list-b,https://graphpermissions.merill.net/permission/Group.Read.All.html
Group.ReadWrite.All,False,False,Read and write all groups,395,,,timeoff-get|directoryobject-validateproperties|plannerplan-list-buckets|group-list-calendarview|grou,https://graphpermissions.merill.net/permission/Group.ReadWrite.All.html
GroupMember.Read.All,False,False,Read group memberships,17,,,group-list|group-list|directoryobject-checkmembergroups|directoryobject-checkmembergroups|directoryo,https://graphpermissions.merill.net/permission/GroupMember.Read.All.html
GroupMember.ReadWrite.All,False,False,Read and write group memberships,7,,,group-post-members|group-post-members|group-post-members|group-post-members|group-post-members|group,https://graphpermissions.merill.net/permission/GroupMember.ReadWrite.All.html
GroupSettings.Read.All,False,False,Read all group settings that user can access,8,,,groupsettingtemplate-list|groupsettingtemplate-list|groupsetting-get|groupsetting-get|groupsetting-g,https://graphpermissions.merill.net/permission/GroupSettings.Read.All.html
GroupSettings.ReadWrite.All,False,False,Read and write all group settings that user can access,14,,,groupsetting-update|groupsetting-update|groupsetting-update|groupsetting-update|groupsettingtemplate,https://graphpermissions.merill.net/permission/GroupSettings.ReadWrite.All.html
HealthMonitoringAlert.Read.All,False,False,Read all scenario health monitoring alerts,2,,,healthmonitoring-alert-get|healthmonitoring-alert-get|healthmonitoring-healthmonitoringroot-list-ale,https://graphpermissions.merill.net/permission/HealthMonitoringAlert.Read.All.html
HealthMonitoringAlert.ReadWrite.All,False,False,Read and write all scenario monitoring alerts,2,,,healthmonitoring-alert-update|healthmonitoring-alert-update|healthmonitoring-alert-get|healthmonitor,https://graphpermissions.merill.net/permission/HealthMonitoringAlert.ReadWrite.All.html
HealthMonitoringAlertConfig.Read.All,False,False,Read all scenario health monitoring alert configurations,4,,,subscription-list|subscription-list|healthmonitoring-alertconfiguration-get|healthmonitoring-alertco,https://graphpermissions.merill.net/permission/HealthMonitoringAlertConfig.Read.All.html
HealthMonitoringAlertConfig.ReadWrite.All,False,False,Read and write all scenario monitoring alert configurations.,6,,,healthmonitoring-alertconfiguration-update|subscription-delete|subscription-delete|subscription-upda,https://graphpermissions.merill.net/permission/HealthMonitoringAlertConfig.ReadWrite.All.html
IdentityDiagnostic.Read.All,False,False,Read all identity diagnostics,0,,,,https://graphpermissions.merill.net/permission/IdentityDiagnostic.Read.All.html
IdentityDiagnostic.StartDiagnosis.All,False,False,Start identity diagnostics for all users,0,,,,https://graphpermissions.merill.net/permission/IdentityDiagnostic.StartDiagnosis.All.html
IdentityNotifications.Read.All,False,False,Read identity notification settings and templates,0,,,,https://graphpermissions.merill.net/permission/IdentityNotifications.Read.All.html
IdentityNotifications.ReadWrite.All,False,False,Read and write identity notification settings and templates,0,,,,https://graphpermissions.merill.net/permission/IdentityNotifications.ReadWrite.All.html
IdentityProvider.Read.All,False,False,Read identity providers,7,,,identityproviderbase-get|identityproviderbase-get|identityprovider-list-availableprovidertypes|ident,https://graphpermissions.merill.net/permission/IdentityProvider.Read.All.html
IdentityProvider.ReadWrite.All,False,False,Read and write identity providers,17,,,identityproviderbase-get|identityproviderbase-get|samlorwsfedexternaldomainfederation-post-domains|s,https://graphpermissions.merill.net/permission/IdentityProvider.ReadWrite.All.html
IdentityRiskEvent.Read.All,False,False,Read identity risk event information,9,,,riskdetection-get|riskdetection-get|serviceprincipalriskdetection-get|serviceprincipalriskdetection-,https://graphpermissions.merill.net/permission/IdentityRiskEvent.Read.All.html
IdentityRiskEvent.ReadWrite.All,False,False,Read and write risk event information,3,,,signin-confirmcompromised|signin-confirmsafe|signin-dismiss|signin-confirmcompromised|signin-confirm,https://graphpermissions.merill.net/permission/IdentityRiskEvent.ReadWrite.All.html
IdentityRiskyAgent.Read.All,False,False,Read risky agents information,2,,,riskyagent-get|riskyagent-get|riskyagent-list|riskyagent-list|,https://graphpermissions.merill.net/permission/IdentityRiskyAgent.Read.All.html
IdentityRiskyAgent.ReadWrite.All,False,False,Read and write risky agents information,3,,,riskyagent-confirmcompromised|riskyagent-confirmcompromised|riskyagent-confirmsafe|riskyagent-confir,https://graphpermissions.merill.net/permission/IdentityRiskyAgent.ReadWrite.All.html
IdentityRiskyServicePrincipal.Read.All,False,False,Read all identity risky service principal information,3,,,riskyserviceprincipal-list-history|riskyserviceprincipal-list-history|identityprotectionroot-list-ri,https://graphpermissions.merill.net/permission/IdentityRiskyServicePrincipal.Read.All.html
IdentityRiskyServicePrincipal.ReadWrite.All,False,False,Read and write all identity risky service principal information,5,,,riskyserviceprincipal-list-history|riskyserviceprincipal-list-history|riskyserviceprincipal-dismiss|,https://graphpermissions.merill.net/permission/IdentityRiskyServicePrincipal.ReadWrite.All.html
IdentityRiskyUser.Read.All,False,False,Read identity risky user information,10,,,riskyuser-list-history|riskyuser-list-history|riskyuser-get|riskyuser-get|riskyuser-list|riskyuser-l,https://graphpermissions.merill.net/permission/IdentityRiskyUser.Read.All.html
IdentityRiskyUser.ReadWrite.All,False,False,Read and write risky user information,14,,,signin-confirmcompromised|riskyuser-list-history|riskyuser-list-history|riskyuser-confirmcompromised,https://graphpermissions.merill.net/permission/IdentityRiskyUser.ReadWrite.All.html
IdentityUserFlow.Read.All,False,False,Read all identity user flows,26,,,userflowlanguagepage-get|userflowlanguagepage-get|userflowlanguagepage-get|userflowlanguagepage-get|,https://graphpermissions.merill.net/permission/IdentityUserFlow.Read.All.html
IdentityUserFlow.ReadWrite.All,False,False,Read and write all identity user flows,66,,,userflowlanguagepage-get|userflowlanguagepage-get|userflowlanguagepage-get|userflowlanguagepage-get|,https://graphpermissions.merill.net/permission/IdentityUserFlow.ReadWrite.All.html
IndustryData-DataConnector.Read.All,False,False,View data connector definitions,3,,,industrydata-industrydataconnector-get|industrydata-industrydataconnector-get|industrydata-industryd,https://graphpermissions.merill.net/permission/IndustryData-DataConnector.Read.All.html
IndustryData-DataConnector.ReadWrite.All,False,False,Manage data connector definitions,9,,,industrydata-industrydataconnector-validate|industrydata-industrydataconnector-validate|industrydata,https://graphpermissions.merill.net/permission/IndustryData-DataConnector.ReadWrite.All.html
IndustryData-DataConnector.Upload,False,False,Upload files to a data connector,3,,,industrydata-industrydataconnector-validate|industrydata-industrydataconnector-validate|industrydata,https://graphpermissions.merill.net/permission/IndustryData-DataConnector.Upload.html
IndustryData-InboundFlow.Read.All,False,False,View inbound flow definitions,2,,,industrydata-inboundflow-list|industrydata-inboundflow-list|industrydata-inboundflow-get|industrydat,https://graphpermissions.merill.net/permission/IndustryData-InboundFlow.Read.All.html
IndustryData-InboundFlow.ReadWrite.All,False,False,Manage inbound flow definitions,5,,,industrydata-inboundapiflow-update|industrydata-inboundapiflow-update|industrydata-inboundapiflow-po,https://graphpermissions.merill.net/permission/IndustryData-InboundFlow.ReadWrite.All.html
IndustryData-OutboundFlow.Read.All,False,False,View outbound flow definitions,4,,,industrydata-securitygroupprovisioningflow-get|industrydata-securitygroupprovisioningflow-get|indust,https://graphpermissions.merill.net/permission/IndustryData-OutboundFlow.Read.All.html
IndustryData-OutboundFlow.ReadWrite.All,False,False,Manage outbound flow definitions,11,,,industrydata-securitygroupprovisioningflow-get|industrydata-securitygroupprovisioningflow-get|indust,https://graphpermissions.merill.net/permission/IndustryData-OutboundFlow.ReadWrite.All.html
IndustryData-ReferenceDefinition.Read.All,False,False,View reference definitions,2,,,industrydata-referencedefinition-get|industrydata-referencedefinition-get|industrydata-rolegroup-get,https://graphpermissions.merill.net/permission/IndustryData-ReferenceDefinition.Read.All.html
IndustryData-ReferenceDefinition.ReadWrite.All,False,False,Manage reference definitions,5,,,industrydata-referencedefinition-get|industrydata-referencedefinition-get|industrydata-referencedefi,https://graphpermissions.merill.net/permission/IndustryData-ReferenceDefinition.ReadWrite.All.html
IndustryData-Run.Read.All,False,False,View current and previous runs,3,,,industrydata-industrydatarun-get|industrydata-industrydatarun-get|industrydata-industrydatarun-getst,https://graphpermissions.merill.net/permission/IndustryData-Run.Read.All.html
IndustryData-Run.Start,False,False,View and start runs,4,,,industrydata-industrydatarun-get|industrydata-industrydatarun-get|industrydata-industrydatarun-getst,https://graphpermissions.merill.net/permission/IndustryData-Run.Start.html
IndustryData-SourceSystem.Read.All,False,False,View source system definitions,3,,,industrydata-sourcesystemdefinition-list|industrydata-sourcesystemdefinition-list|industrydata-sourc,https://graphpermissions.merill.net/permission/IndustryData-SourceSystem.Read.All.html
IndustryData-SourceSystem.ReadWrite.All,False,False,Manage source system definitions,6,,,industrydata-sourcesystemdefinition-list|industrydata-sourcesystemdefinition-list|industrydata-sourc,https://graphpermissions.merill.net/permission/IndustryData-SourceSystem.ReadWrite.All.html
IndustryData-TimePeriod.Read.All,False,False,Read time period definitions,3,,,industrydata-yeartimeperioddefinition-get|industrydata-yeartimeperioddefinition-get|industrydata-yea,https://graphpermissions.merill.net/permission/IndustryData-TimePeriod.Read.All.html
IndustryData-TimePeriod.ReadWrite.All,False,False,Manage time period definitions,6,,,industrydata-yeartimeperioddefinition-post|industrydata-yeartimeperioddefinition-post|industrydata-y,https://graphpermissions.merill.net/permission/IndustryData-TimePeriod.ReadWrite.All.html
IndustryData.ReadBasic.All,False,False,Read basic Industry Data service and resource definitions,4,,,industrydata-filevalidateoperation-list|industrydata-filevalidateoperation-list|industrydata-rolegro,https://graphpermissions.merill.net/permission/IndustryData.ReadBasic.All.html
InformationProtectionConfig.Read.All,False,False,Read all configurations for protecting organizational data applicable to users,0,,,,https://graphpermissions.merill.net/permission/InformationProtectionConfig.Read.All.html
InformationProtectionContent.Sign.All,False,False,Sign digests for data,0,,,,https://graphpermissions.merill.net/permission/InformationProtectionContent.Sign.All.html
InformationProtectionContent.Write.All,False,False,Create protected content,0,,,,https://graphpermissions.merill.net/permission/InformationProtectionContent.Write.All.html
InformationProtectionPolicy.Read.All,False,False,Read all published labels and label policies for an organization.,23,,,security-sensitivitylabel-extractcontentlabel|security-sensitivitylabel-extractcontentlabel|security,https://graphpermissions.merill.net/permission/InformationProtectionPolicy.Read.All.html
Insights-UserMetric.Read.All,False,False,Read user metrics insights,13,,,monthlyuserinsightmetricsroot-list-requests|monthlyuserinsightmetricsroot-list-requests|monthlyuseri,https://graphpermissions.merill.net/permission/Insights-UserMetric.Read.All.html
LearningAssignedCourse.Read.All,False,False,,2,,,learningcourseactivity-list|learningcourseactivity-get|learningcourseactivity-list|learningcourseact,https://graphpermissions.merill.net/permission/LearningAssignedCourse.Read.All.html
LearningAssignedCourse.ReadWrite.All,False,False,Read and write all assignments,4,,,employeeexperienceuser-post-learningcourseactivities|learningcourseactivity-delete|learningcourseact,https://graphpermissions.merill.net/permission/LearningAssignedCourse.ReadWrite.All.html
LearningContent.Read.All,False,False,Read learning content,2,,,learningcontent-get|learningcontent-get|learningprovider-list-learningcontents|learningprovider-list,https://graphpermissions.merill.net/permission/LearningContent.Read.All.html
LearningContent.ReadWrite.All,False,False,Manage learning content,4,,,learningcontent-get|learningprovider-list-learningcontents|learningprovider-delete-learningcontents|,https://graphpermissions.merill.net/permission/LearningContent.ReadWrite.All.html
LearningSelfInitiatedCourse.Read.All,False,False,,2,,,learningcourseactivity-list|learningcourseactivity-get|learningcourseactivity-list|learningcourseact,https://graphpermissions.merill.net/permission/LearningSelfInitiatedCourse.Read.All.html
LearningSelfInitiatedCourse.ReadWrite.All,False,False,Read and write all self-initiated courses,4,,,employeeexperienceuser-post-learningcourseactivities|learningcourseactivity-delete|learningcourseact,https://graphpermissions.merill.net/permission/LearningSelfInitiatedCourse.ReadWrite.All.html
LicenseAssignment.Read.All,False,False,Read all license assignments.,4,,,subscribedsku-get|subscribedsku-get|subscribedsku-list|subscribedsku-list|user-list-licensedetails|u,https://graphpermissions.merill.net/permission/LicenseAssignment.Read.All.html
LicenseAssignment.ReadWrite.All,False,False,Manage all license assignments,2,,,group-assignlicense|group-assignlicense|user-assignlicense|user-assignlicense|group-assignlicense|gr,https://graphpermissions.merill.net/permission/LicenseAssignment.ReadWrite.All.html
LifecyclePolicies-AgentId.Read.All,False,False,Read identity lifecycle policies for agent identities,0,,,,https://graphpermissions.merill.net/permission/LifecyclePolicies-AgentId.Read.All.html
LifecyclePolicies-AgentId.ReadWrite.All,False,False,Read and write identity lifecycle policies for agent identities,0,,,,https://graphpermissions.merill.net/permission/LifecyclePolicies-AgentId.ReadWrite.All.html
LifecycleWorkflows-CustomExt.Read.All,False,False,Read all Lifecycle workflows custom task extensions,2,,,identitygovernance-customtaskextension-get|identitygovernance-customtaskextension-get|identitygovern,https://graphpermissions.merill.net/permission/LifecycleWorkflows-CustomExt.Read.All.html
LifecycleWorkflows-CustomExt.ReadWrite.All,False,False,Read and write all Lifecycle workflows custom task extensions,5,,,identitygovernance-customtaskextension-get|identitygovernance-customtaskextension-get|identitygovern,https://graphpermissions.merill.net/permission/LifecycleWorkflows-CustomExt.ReadWrite.All.html
LifecycleWorkflows-Reports.Read.All,False,False,Read all Lifecycle workflows reports,15,,,identitygovernance-workflow-list-userprocessingresults|identitygovernance-workflow-list-userprocessi,https://graphpermissions.merill.net/permission/LifecycleWorkflows-Reports.Read.All.html
LifecycleWorkflows-Workflow.Activate,False,False,Run workflows on-demand in Lifecycle workflows,3,,,identitygovernance-workflow-activate|identitygovernance-workflow-activate|identitygovernance-workflo,https://graphpermissions.merill.net/permission/LifecycleWorkflows-Workflow.Activate.html
LifecycleWorkflows-Workflow.Read.All,False,False,Read all workflows in Lifecycle workflows,11,,,workflow-list-executionscope|workflow-list-executionscope|identitygovernance-lifecycleworkflowsconta,https://graphpermissions.merill.net/permission/LifecycleWorkflows-Workflow.Read.All.html
LifecycleWorkflows-Workflow.ReadBasic.All,False,False,List all workflows in Lifecycle workflows,2,,,identitygovernance-lifecycleworkflowscontainer-list-workflows|identitygovernance-lifecycleworkflowsc,https://graphpermissions.merill.net/permission/LifecycleWorkflows-Workflow.ReadBasic.All.html
LifecycleWorkflows-Workflow.ReadWrite.All,False,False,Read and write all workflows in Lifecycle workflows,24,,,workflow-list-executionscope|workflow-list-executionscope|identitygovernance-workflow-restore|identi,https://graphpermissions.merill.net/permission/LifecycleWorkflows-Workflow.ReadWrite.All.html
LifecycleWorkflows.Read.All,False,False,Read all lifecycle workflows resources,38,,,identitygovernance-customtaskextension-get|identitygovernance-customtaskextension-get|workflow-list-,https://graphpermissions.merill.net/permission/LifecycleWorkflows.Read.All.html
LifecycleWorkflows.ReadWrite.All,False,False,Read and write all lifecycle workflows resources,55,,,identitygovernance-customtaskextension-get|identitygovernance-customtaskextension-get|workflow-list-,https://graphpermissions.merill.net/permission/LifecycleWorkflows.ReadWrite.All.html
ListItems.SelectedOperations.Selected,False,False,"Access selected ListItems, on behalf of the signed-in user",6,,,driveitem-post-permissions|driveitem-post-permissions|driveitem-post-permissions|driveitem-post-perm,https://graphpermissions.merill.net/permission/ListItems.SelectedOperations.Selected.html
Lists.SelectedOperations.Selected,False,False,"Access selected Lists, on behalf of the signed-in user",6,,,driveitem-post-permissions|driveitem-post-permissions|driveitem-post-permissions|driveitem-post-perm,https://graphpermissions.merill.net/permission/Lists.SelectedOperations.Selected.html
Mail-Advanced.ReadWrite.All,False,False,"Read and write mail in all mailboxes, including modifying existing non-draft mails",0,,,,https://graphpermissions.merill.net/permission/Mail-Advanced.ReadWrite.All.html
Mail.Read,False,False,"Read user mail ",74,,,mailfolder-get|mailfolder-get|mailfolder-get|mailfolder-get|inferenceclassification-list-overrides|i,https://graphpermissions.merill.net/permission/Mail.Read.html
Mail.ReadBasic,False,False,Read user basic mail,25,,,mailfolder-get|mailfolder-get|message-delta|message-delta|message-get|message-get|message-get|messag,https://graphpermissions.merill.net/permission/Mail.ReadBasic.html
Mail.ReadBasic.All,False,False,Read basic mail in all mailboxes,18,,,mailfolder-get|mailfolder-get|message-delta|message-delta|message-get|message-get|message-get|messag,https://graphpermissions.merill.net/permission/Mail.ReadBasic.All.html
Mail.ReadWrite,False,False,"Read and write access to user mail ",201,,,mailfolder-get|mailfolder-get|mailfolder-get|mailfolder-get|mailfolder-permanentdelete|mailfolder-pe,https://graphpermissions.merill.net/permission/Mail.ReadWrite.html
Mail.Send,False,False,"Send mail as a user ",17,,,message-send|message-send|message-send|message-send|message-reply|message-reply|message-reply|messag,https://graphpermissions.merill.net/permission/Mail.Send.html
MailboxConfigItem.Read,False,False,Read user's UserConfiguration objects,2,,,userconfiguration-get|userconfiguration-get|userconfiguration-get|userconfiguration-get|,https://graphpermissions.merill.net/permission/MailboxConfigItem.Read.html
MailboxConfigItem.ReadWrite,False,False,Read and write user's UserConfiguration objects,8,,,mailsearchfolder-post-userconfigurations|mailsearchfolder-post-userconfigurations|mailsearchfolder-p,https://graphpermissions.merill.net/permission/MailboxConfigItem.ReadWrite.html
MailboxFolder.Read.All,False,False,Read all the users' mailbox folders,48,,,mailboxfolder-list-childfolders|mailbox-list-folders|mailboxfolder-delta|mailboxfolder-delta|multiva,https://graphpermissions.merill.net/permission/MailboxFolder.Read.All.html
MailboxFolder.ReadWrite.All,False,False,Read and write all the users' mailbox folders,12,,,mailboxfolder-list-childfolders|mailbox-list-folders|mailboxfolder-delta|mailboxfolder-delta|mailbox,https://graphpermissions.merill.net/permission/MailboxFolder.ReadWrite.All.html
MailboxItem.Export.All,False,False,Export all the users' mailbox items,1,,,mailbox-exportitems|mailbox-exportitems|,https://graphpermissions.merill.net/permission/MailboxItem.Export.All.html
MailboxItem.ImportExport.All,False,False,Export and import all the users' mailbox items,2,,,mailbox-createimportsession|mailbox-exportitems|mailbox-createimportsession|mailbox-exportitems|,https://graphpermissions.merill.net/permission/MailboxItem.ImportExport.All.html
MailboxItem.Read.All,False,False,Read all the users' mailbox items,9,,,multivaluelegacyextendedproperty-get|multivaluelegacyextendedproperty-get|multivaluelegacyextendedpr,https://graphpermissions.merill.net/permission/MailboxItem.Read.All.html
MailboxItem.ReadWrite.All,False,False,Read and write all users' mailbox items,1,,,mailboxfolder-delete-items|,https://graphpermissions.merill.net/permission/MailboxItem.ReadWrite.All.html
MailboxSettings.Read,False,False,Read user mailbox settings,11,,,user-get-mailboxsettings|user-get-mailboxsettings|user-get-mailboxsettings|user-get-mailboxsettings|,https://graphpermissions.merill.net/permission/MailboxSettings.Read.html
MailboxSettings.ReadWrite,False,False,Read and write user mailbox settings,18,,,workhoursandlocationssetting-update|outlookcategory-delete|outlookcategory-delete|outlookcategory-de,https://graphpermissions.merill.net/permission/MailboxSettings.ReadWrite.html
MailTips.ReadBasic.All,False,False,Read mail tips for all users,0,,,,https://graphpermissions.merill.net/permission/MailTips.ReadBasic.All.html
Member.Read.Hidden,False,False,Read hidden memberships,8,,,group-list-members|group-list-members|group-list-members|group-list-members|group-list-members|group,https://graphpermissions.merill.net/permission/Member.Read.Hidden.html
MultiTenantOrganization.Read.All,False,False,Read multi-tenant organization details and tenants,3,,,multitenantorganization-get|multitenantorganization-get|multitenantorganization-list-tenants|multite,https://graphpermissions.merill.net/permission/MultiTenantOrganization.Read.All.html
MultiTenantOrganization.ReadBasic.All,False,False,Read multi-tenant organization basic details and active tenants,2,,,multitenantorganization-get|multitenantorganization-list-tenants|multitenantorganization-get|multite,https://graphpermissions.merill.net/permission/MultiTenantOrganization.ReadBasic.All.html
MultiTenantOrganization.ReadWrite.All,False,False,Read and write multi-tenant organization details and tenants,10,,,multitenantorganization-delete-tenants|multitenantorganization-delete-tenants|multitenantorganizatio,https://graphpermissions.merill.net/permission/MultiTenantOrganization.ReadWrite.All.html
MutualTlsOauthConfiguration.Read.All,False,False,Read all configurations used for mutual-TLS client authentication.,2,,,mutualtlsoauthconfiguration-get|mutualtlsoauthconfiguration-get|certificateauthoritypath-list-mutual,https://graphpermissions.merill.net/permission/MutualTlsOauthConfiguration.Read.All.html
MutualTlsOauthConfiguration.ReadWrite.All,False,False,Read and write all configurations used for mutual-TLS client authentication.,4,,,mutualtlsoauthconfiguration-delete|mutualtlsoauthconfiguration-delete|certificateauthoritypath-list-,https://graphpermissions.merill.net/permission/MutualTlsOauthConfiguration.ReadWrite.All.html
NetworkAccess-Reports.Read.All,False,False,Read all network access reports,9,,,networkaccess-networkaccesstraffic-get|networkaccess-networkaccesstraffic-get|networkaccess-alert-ge,https://graphpermissions.merill.net/permission/NetworkAccess-Reports.Read.All.html
NetworkAccess.Read.All,False,False,Read all network access information,41,,,networkaccess-policy-list-policyrules|networkaccess-policy-list-policyrules|networkaccess-connectivi,https://graphpermissions.merill.net/permission/NetworkAccess.Read.All.html
NetworkAccess.ReadWrite.All,False,False,Read and write all network access information,84,,,networkaccess-policy-list-policyrules|networkaccess-policy-list-policyrules|networkaccess-filteringp,https://graphpermissions.merill.net/permission/NetworkAccess.ReadWrite.All.html
NetworkAccessBranch.Read.All,False,False,Read properties of branches for network access,0,,,,https://graphpermissions.merill.net/permission/NetworkAccessBranch.Read.All.html
NetworkAccessBranch.ReadWrite.All,False,False,Read and write properties of branches for network access,0,,,,https://graphpermissions.merill.net/permission/NetworkAccessBranch.ReadWrite.All.html
NetworkAccessPolicy.Read.All,False,False,Read security and routing policies for network access,20,,,networkaccess-filteringrule-list|networkaccess-filteringpolicy-get|networkaccess-forwardingoptions-g,https://graphpermissions.merill.net/permission/NetworkAccessPolicy.Read.All.html
NetworkAccessPolicy.ReadWrite.All,False,False,Read and write security and routing policies for network access,25,,,networkaccess-filteringrule-list|networkaccess-filteringpolicy-get|networkaccess-forwardingoptions-g,https://graphpermissions.merill.net/permission/NetworkAccessPolicy.ReadWrite.All.html
Notes.Read.All,False,False,Read all OneNote notebooks that user can access,63,,,notebook-list-sectiongroups|notebook-list-sectiongroups|notebook-list-sectiongroups|notebook-list-se,https://graphpermissions.merill.net/permission/Notes.Read.All.html
Notes.ReadWrite.All,False,False,Read and write all OneNote notebooks that user can access,118,,,section-post-pages|section-post-pages|section-post-pages|section-post-pages|section-post-pages|secti,https://graphpermissions.merill.net/permission/Notes.ReadWrite.All.html
OnlineMeetingAiInsight.Read.All,False,False,Read all AI Insights for online meetings.,6,,,subscription-delete|subscription-delete|subscription-delete|subscription-delete|subscription-list|su,https://graphpermissions.merill.net/permission/OnlineMeetingAiInsight.Read.All.html
OnlineMeetingAiInsight.Read.Chat,False,False,Read all AI Insights for online meetings where the Teams application is installed.,0,,,,https://graphpermissions.merill.net/permission/OnlineMeetingAiInsight.Read.Chat.html
OnlineMeetingArtifact.Read.All,False,False,Read user's online meeting artifacts,9,,,meetingattendancereport-get|meetingattendancereport-get|meetingattendancereport-get|meetingattendanc,https://graphpermissions.merill.net/permission/OnlineMeetingArtifact.Read.All.html
OnlineMeetingRecording.Read.All,False,False,Read all recordings of online meetings.,13,,,onlinemeeting-getallrecordings|onlinemeeting-list-recordings|onlinemeeting-list-recordings|onlinemee,https://graphpermissions.merill.net/permission/OnlineMeetingRecording.Read.All.html
OnlineMeetings.Read.All,False,False,Read online meeting details,12,,,subscription-reauthorize|onlinemeeting-get|onlinemeeting-get|onlinemeeting-get|onlinemeeting-get|onl,https://graphpermissions.merill.net/permission/OnlineMeetings.Read.All.html
OnlineMeetings.ReadWrite.All,False,False,Read and create online meetings,16,,,onlinemeeting-createorget|application-post-onlinemeetings|onlinemeeting-update|onlinemeeting-delete|,https://graphpermissions.merill.net/permission/OnlineMeetings.ReadWrite.All.html
OnlineMeetingTranscript.Read.All,False,False,Read all transcripts of online meetings.,13,,,calltranscript-delta|onlinemeeting-list-transcripts|onlinemeeting-list-transcripts|onlinemeeting-lis,https://graphpermissions.merill.net/permission/OnlineMeetingTranscript.Read.All.html
OnPremDirectorySynchronization.Read.All,False,False,Read all on-premises directory synchronization information,1,,,onpremisesdirectorysynchronization-get|onpremisesdirectorysynchronization-get|,https://graphpermissions.merill.net/permission/OnPremDirectorySynchronization.Read.All.html
OnPremDirectorySynchronization.ReadWrite.All,False,False,Read and write all on-premises directory synchronization information,2,,,onpremisesdirectorysynchronization-get|onpremisesdirectorysynchronization-update|onpremisesdirectory,https://graphpermissions.merill.net/permission/OnPremDirectorySynchronization.ReadWrite.All.html
OnPremisesPublishingProfiles.ReadWrite.All,False,False,Manage on-premises published resources,8,,,publishedresource-get|publishedresource-delete-agentgroups|publishedresource-delete|publishedresourc,https://graphpermissions.merill.net/permission/OnPremisesPublishingProfiles.ReadWrite.All.html
Organization.Read.All,False,False,Read organization information,42,,,organization-list|organization-list|companysubscription-get|companysubscription-get|companysubscript,https://graphpermissions.merill.net/permission/Organization.Read.All.html
Organization.ReadWrite.All,False,False,Read and write organization information,102,,,organization-list|organization-list|organizationalbranding-post-localizations|organizationalbranding,https://graphpermissions.merill.net/permission/Organization.ReadWrite.All.html
OrganizationalBranding.Read.All,False,False,Read organizational branding information,7,,,organizationalbranding-get|organizationalbranding-get|organizationalbranding-list-localizations|orga,https://graphpermissions.merill.net/permission/OrganizationalBranding.Read.All.html
OrganizationalBranding.ReadWrite.All,False,False,Read and write organizational branding information,17,,,organizationalbranding-post-localizations|organizationalbranding-post-localizations|organizationalbr,https://graphpermissions.merill.net/permission/OrganizationalBranding.ReadWrite.All.html
OrgContact.Read.All,False,False,Read organizational contacts,20,,,orgcontact-delta|orgcontact-delta|group-post-members|group-post-members|group-post-members|group-pos,https://graphpermissions.merill.net/permission/OrgContact.Read.All.html
OrgSettings-AppsAndServices.Read.All,False,False,Read organization-wide apps and services settings,1,,,adminappsandservices-get|adminappsandservices-get|,https://graphpermissions.merill.net/permission/OrgSettings-AppsAndServices.Read.All.html
OrgSettings-AppsAndServices.ReadWrite.All,False,False,Read and write organization-wide apps and services settings,2,,,adminappsandservices-get|adminappsandservices-get|adminappsandservices-update|adminappsandservices-u,https://graphpermissions.merill.net/permission/OrgSettings-AppsAndServices.ReadWrite.All.html
OrgSettings-DynamicsVoice.Read.All,False,False,Read organization-wide Dynamics customer voice settings,1,,,admindynamics-get|admindynamics-get|,https://graphpermissions.merill.net/permission/OrgSettings-DynamicsVoice.Read.All.html
OrgSettings-DynamicsVoice.ReadWrite.All,False,False,Read and write organization-wide Dynamics customer voice settings,2,,,admindynamics-update|admindynamics-update|admindynamics-get|admindynamics-get|,https://graphpermissions.merill.net/permission/OrgSettings-DynamicsVoice.ReadWrite.All.html
OrgSettings-Forms.Read.All,False,False,Read organization-wide Microsoft Forms settings,1,,,adminforms-get|adminforms-get|,https://graphpermissions.merill.net/permission/OrgSettings-Forms.Read.All.html
OrgSettings-Forms.ReadWrite.All,False,False,Read and write organization-wide Microsoft Forms settings,2,,,adminforms-update|adminforms-update|adminforms-get|adminforms-get|,https://graphpermissions.merill.net/permission/OrgSettings-Forms.ReadWrite.All.html
OrgSettings-Microsoft365Install.Read.All,False,False,Read organization-wide Microsoft 365 apps installation settings,0,,,,https://graphpermissions.merill.net/permission/OrgSettings-Microsoft365Install.Read.All.html
OrgSettings-Microsoft365Install.ReadWrite.All,False,False,Read and write organization-wide Microsoft 365 apps installation settings,0,,,,https://graphpermissions.merill.net/permission/OrgSettings-Microsoft365Install.ReadWrite.All.html
OrgSettings-Todo.Read.All,False,False,Read organization-wide Microsoft To Do settings,1,,,admintodo-get|admintodo-get|,https://graphpermissions.merill.net/permission/OrgSettings-Todo.Read.All.html
OrgSettings-Todo.ReadWrite.All,False,False,Read and write organization-wide Microsoft To Do settings,2,,,admintodo-update|admintodo-update|admintodo-get|admintodo-get|,https://graphpermissions.merill.net/permission/OrgSettings-Todo.ReadWrite.All.html
PartnerBilling.Read.All,False,False,Read all billing data for your company's tenant,6,,,partners-billing-billedreconciliation-export|partners-billing-billedreconciliation-export|partners-b,https://graphpermissions.merill.net/permission/PartnerBilling.Read.All.html
PartnerSecurity.Read.All,False,False,Read security alerts of customer with CSP relationship,8,,,partner-security-partnersecurityscore-list-history|partner-security-partnersecurityscore-list-histor,https://graphpermissions.merill.net/permission/PartnerSecurity.Read.All.html
PartnerSecurity.ReadWrite.All,False,False,Read security alerts and update status of security alerts of customer with CSP relationship,5,,,partner-security-partnersecurityscore-list-requirements|partner-security-partnersecurityscore-list-r,https://graphpermissions.merill.net/permission/PartnerSecurity.ReadWrite.All.html
PendingExternalUserProfile.Read.All,False,False,Read pending external user profiles,11,,,pendingexternaluserprofile-get|pendingexternaluserprofile-get|directory-deleteditems-get|directory-d,https://graphpermissions.merill.net/permission/PendingExternalUserProfile.Read.All.html
PendingExternalUserProfile.ReadWrite.All,False,False,Read and write pending external user profiles,6,,,directory-deleteditems-delete|directory-deleteditems-delete|directory-post-pendingexternaluserprofil,https://graphpermissions.merill.net/permission/PendingExternalUserProfile.ReadWrite.All.html
People.Read.All,False,False,Read all users' relevant people lists,2,,,user-list-people|user-list-people|user-list-people|user-list-people|user-list-people|user-list-peopl,https://graphpermissions.merill.net/permission/People.Read.All.html
PeopleSettings.Read.All,False,False,Read tenant-wide people settings,12,,,peopleadminsettings-get|peopleadminsettings-get|profilecardproperty-get|peopleadminsettings-list-ite,https://graphpermissions.merill.net/permission/PeopleSettings.Read.All.html
PeopleSettings.ReadWrite.All,False,False,Read and write tenant-wide people settings,26,,,peopleadminsettings-get|peopleadminsettings-get|profilesource-delete|profilesource-delete|profilecar,https://graphpermissions.merill.net/permission/PeopleSettings.ReadWrite.All.html
Place.Read.All,False,False,Read all company places,11,,,levelmap-list-units|levelmap-list-units|buildingmap-list-levels|buildingmap-list-levels|levelmap-lis,https://graphpermissions.merill.net/permission/Place.Read.All.html
Place.ReadWrite.All,False,False,Read and write organization places,22,,,place-delete|place-delete|building-ingestmapfile|building-ingestmapfile|unitmap-update|unitmap-updat,https://graphpermissions.merill.net/permission/Place.ReadWrite.All.html
PlaceDevice.Read.All,False,False,Read all workplace devices,2,,,workplacesensordevice-get|workplacesensordevice-get|workplace-list-sensordevices|workplace-list-sens,https://graphpermissions.merill.net/permission/PlaceDevice.Read.All.html
PlaceDevice.ReadWrite.All,False,False,Read and write all workplace devices,6,,,workplacesensordevice-get|workplacesensordevice-get|workplace-list-sensordevices|workplace-list-sens,https://graphpermissions.merill.net/permission/PlaceDevice.ReadWrite.All.html
PlaceDeviceTelemetry.ReadWrite.All,False,False,Read and write telemetry for all workplace devices.,1,,,workplacesensordevice-ingesttelemetry|,https://graphpermissions.merill.net/permission/PlaceDeviceTelemetry.ReadWrite.All.html
Policy.Read.All,False,False,Read your organization's policies,115,,,crosstenantaccesspolicy-get|crosstenantaccesspolicy-get|serviceprincipal-delete-tokenlifetimepolicie,https://graphpermissions.merill.net/permission/Policy.Read.All.html
Policy.Read.AuthenticationMethod,False,False,Read authentication method policies,25,,,authenticationstrengthpolicy-get|authenticationstrengthpolicy-get|softwareoathauthenticationmethodco,https://graphpermissions.merill.net/permission/Policy.Read.AuthenticationMethod.html
Policy.Read.B2BManagementPolicy,False,False,Read your organization's B2BManagement policies,0,,,,https://graphpermissions.merill.net/permission/Policy.Read.B2BManagementPolicy.html
Policy.Read.ConditionalAccess,False,False,Read your organization's conditional access policies,5,,,authenticationcontextclassreference-delete|authenticationcontextclassreference-delete|conditionalacc,https://graphpermissions.merill.net/permission/Policy.Read.ConditionalAccess.html
Policy.Read.CrossTenantAccess,False,False,Read your organization's cross tenant access policies,0,,,,https://graphpermissions.merill.net/permission/Policy.Read.CrossTenantAccess.html
Policy.Read.DeviceConfiguration,False,False,Read your organization's device configuration policies,1,,,deviceregistrationpolicy-get|deviceregistrationpolicy-get|deviceregistrationpolicy-get|deviceregistr,https://graphpermissions.merill.net/permission/Policy.Read.DeviceConfiguration.html
Policy.Read.IdentityProtection,False,False,Read your organization’s identity protection policy,0,,,,https://graphpermissions.merill.net/permission/Policy.Read.IdentityProtection.html
Policy.Read.PermissionGrant,False,False,Read consent and permission grant policies,7,,,permissiongrantpolicy-list-includes|permissiongrantpolicy-list-includes|permissiongrantpolicy-list-e,https://graphpermissions.merill.net/permission/Policy.Read.PermissionGrant.html
Policy.Read.Recovery,False,False,Read your organization's recovery policy,0,,,,https://graphpermissions.merill.net/permission/Policy.Read.Recovery.html
Policy.ReadWrite.AccessReview,False,False,Read and write your organization's directory access review default policy,4,,,accessreviewpolicy-get|accessreviewpolicy-get|accessreviewpolicy-get|accessreviewpolicy-get|accessre,https://graphpermissions.merill.net/permission/Policy.ReadWrite.AccessReview.html
Policy.ReadWrite.ApplicationConfiguration,False,False,Read and write your organization's application configuration policies,83,,,tenantappmanagementpolicy-update|tenantappmanagementpolicy-update|serviceprincipal-delete-tokenlifet,https://graphpermissions.merill.net/permission/Policy.ReadWrite.ApplicationConfiguration.html
Policy.ReadWrite.AuthenticationFlows,False,False,Read and write authentication flow policies,2,,,authenticationflowspolicy-update|authenticationflowspolicy-update|authenticationflowspolicy-get|auth,https://graphpermissions.merill.net/permission/Policy.ReadWrite.AuthenticationFlows.html
Policy.ReadWrite.AuthenticationMethod,False,False,Read and write authentication method policies,68,,,softwareoathauthenticationmethodconfiguration-delete|softwareoathauthenticationmethodconfiguration-d,https://graphpermissions.merill.net/permission/Policy.ReadWrite.AuthenticationMethod.html
Policy.ReadWrite.Authorization,False,False,Read and write your organization's authorization policy,7,,,groupsetting-update|groupsetting-update|groupsetting-update|groupsetting-update|authorizationpolicy-,https://graphpermissions.merill.net/permission/Policy.ReadWrite.Authorization.html
Policy.ReadWrite.B2BManagementPolicy,False,False,Read and write your organization's B2BManagement policies,0,,,,https://graphpermissions.merill.net/permission/Policy.ReadWrite.B2BManagementPolicy.html
Policy.ReadWrite.ConditionalAccess,False,False,Read and write your organization's conditional access policies,29,,,authenticationstrengthpolicy-updateallowedcombinations|authenticationstrengthpolicy-updateallowedcom,https://graphpermissions.merill.net/permission/Policy.ReadWrite.ConditionalAccess.html
Policy.ReadWrite.ConsentRequest,False,False,Read and write consent request policy,3,,,adminconsentrequestpolicy-update|adminconsentrequestpolicy-update|adminconsentrequestpolicy-get|admi,https://graphpermissions.merill.net/permission/Policy.ReadWrite.ConsentRequest.html
Policy.ReadWrite.CrossTenantAccess,False,False,Read and write your organization's cross tenant access policies,21,,,crosstenantaccesspolicy-get|crosstenantaccesspolicy-get|multitenantorganizationpartnerconfigurationt,https://graphpermissions.merill.net/permission/Policy.ReadWrite.CrossTenantAccess.html
Policy.ReadWrite.CrossTenantCapability,False,False,Read and write your organization's M365 cross tenant access capabilities,7,,,crosstenantaccesspolicyconfigurationdefault-list-m365capabilities|crosstenantaccesspolicyconfigurati,https://graphpermissions.merill.net/permission/Policy.ReadWrite.CrossTenantCapability.html
Policy.ReadWrite.DeviceConfiguration,False,False,Read and write your organization's device configuration policies,2,,,deviceregistrationpolicy-get|deviceregistrationpolicy-get|deviceregistrationpolicy-update|deviceregi,https://graphpermissions.merill.net/permission/Policy.ReadWrite.DeviceConfiguration.html
Policy.ReadWrite.ExternalIdentities,False,False,Read and write your organization's external identities policy,2,,,externalidentitiespolicy-get|externalidentitiespolicy-get|externalidentitiespolicy-update|externalid,https://graphpermissions.merill.net/permission/Policy.ReadWrite.ExternalIdentities.html
Policy.ReadWrite.FeatureRollout,False,False,Read and write your organization's feature rollout policies,0,,,,https://graphpermissions.merill.net/permission/Policy.ReadWrite.FeatureRollout.html
Policy.ReadWrite.FedTokenValidation,False,False,Read and write your organization's federated token validation policy,1,,,policyroot-list-federatedtokenvalidationpolicy|policyroot-list-federatedtokenvalidationpolicy|federa,https://graphpermissions.merill.net/permission/Policy.ReadWrite.FedTokenValidation.html
Policy.ReadWrite.IdentityProtection,False,False,"Read and write your organization’s identity protection policy ",0,,,,https://graphpermissions.merill.net/permission/Policy.ReadWrite.IdentityProtection.html
Policy.ReadWrite.PermissionGrant,False,False,Manage consent and permission grant policies,21,,,serviceprincipal-post-delegatedpermissionclassifications|serviceprincipal-post-delegatedpermissioncl,https://graphpermissions.merill.net/permission/Policy.ReadWrite.PermissionGrant.html
Policy.ReadWrite.Recovery,False,False,Read and write your organization's recovery policy,0,,,,https://graphpermissions.merill.net/permission/Policy.ReadWrite.Recovery.html
Policy.ReadWrite.SecurityDefaults,False,False,Read and write your organization's security defaults policy,0,,,,https://graphpermissions.merill.net/permission/Policy.ReadWrite.SecurityDefaults.html
Policy.ReadWrite.TrustFramework,False,False,Read and write your organization's trust framework policies,5,,,trustframework-list-trustframeworkpolicies|trustframework-list-trustframeworkpolicies|trustframework,https://graphpermissions.merill.net/permission/Policy.ReadWrite.TrustFramework.html
PreAuthorizationGrant.Read.All,False,False,Read all preauthorization grants,0,,,,https://graphpermissions.merill.net/permission/PreAuthorizationGrant.Read.All.html
Presence.Read.All,False,False,Read presence information of all users in your organization,11,,,cloudcommunications-getpresencesbyuserid|cloudcommunications-getpresencesbyuserid|presence-get|prese,https://graphpermissions.merill.net/permission/Presence.Read.All.html
Presence.ReadWrite.All,False,False,Read and write presence information for all users,9,,,cloudcommunications-getpresencesbyuserid|presence-setstatusmessage|presence-get|presence-get|presenc,https://graphpermissions.merill.net/permission/Presence.ReadWrite.All.html
Printer.Read.All,False,False,Read printers,22,,,printservice-get|printer-list-tasktriggers|print-list-printers|subscription-delete|subscription-list,https://graphpermissions.merill.net/permission/Printer.Read.All.html
Printer.ReadWrite.All,False,False,Read and update printers,33,,,printer-delete-tasktrigger|printservice-get|printer-update|printer-update|printer-list-tasktriggers|,https://graphpermissions.merill.net/permission/Printer.ReadWrite.All.html
PrintJob.Manage.All,False,False,Perform advanced operations on print jobs,6,,,printjob-update|printjob-abort|printjob-redirect|printjob-update|printjob-abort|printjob-redirect|,https://graphpermissions.merill.net/permission/PrintJob.Manage.All.html
PrintJob.Read.All,False,False,Read print jobs,14,,,printjob-get|printjob-get|printdocument-get-file|printdocument-get-file|printservice-get|printer-lis,https://graphpermissions.merill.net/permission/PrintJob.Read.All.html
PrintJob.ReadBasic.All,False,False,Read basic information of print jobs,12,,,printjob-get|printjob-get|printservice-get|printer-list-jobs|printer-list-jobs|printserviceendpoint-,https://graphpermissions.merill.net/permission/PrintJob.ReadBasic.All.html
PrintJob.ReadWrite.All,False,False,Read and write print jobs,27,,,printjob-get|printjob-get|printer-post-jobs|printdocument-get-file|printdocument-get-file|printservi,https://graphpermissions.merill.net/permission/PrintJob.ReadWrite.All.html
PrintJob.ReadWriteBasic.All,False,False,Read and write basic information of print jobs,24,,,printjob-get|printjob-get|printer-post-jobs|printservice-get|printjob-cancel|printjob-update|printer,https://graphpermissions.merill.net/permission/PrintJob.ReadWriteBasic.All.html
PrintSettings.Read.All,False,False,Read tenant-wide print settings,8,,,print-get-settings|printservice-get|printserviceendpoint-get|printservice-list-endpoints|print-list-,https://graphpermissions.merill.net/permission/PrintSettings.Read.All.html
PrintTaskDefinition.ReadWrite.All,False,False,"Read, write and update print task definitions",21,,,printtaskdefinition-update-task|print-delete-taskdefinition|printtaskdefinition-list-tasks|subscript,https://graphpermissions.merill.net/permission/PrintTaskDefinition.ReadWrite.All.html
PrivilegedAccess-CustomExt.Read.All,False,False,Read Privileged Access (PIM) custom extensions,0,,,,https://graphpermissions.merill.net/permission/PrivilegedAccess-CustomExt.Read.All.html
PrivilegedAccess-CustomExt.ReadWrite.All,False,False,Read and write Privileged Access (PIM) custom extensions,0,,,,https://graphpermissions.merill.net/permission/PrivilegedAccess-CustomExt.ReadWrite.All.html
PrivilegedAccess.Read.AzureAD,False,False,Read privileged access to Azure AD,19,,,governancerolesetting-list|governancerolesetting-list|governancerolesetting-get|governanceroleassign,https://graphpermissions.merill.net/permission/PrivilegedAccess.Read.AzureAD.html
PrivilegedAccess.Read.AzureADGroup,False,False,Read privileged access to Azure AD groups,19,,,governancerolesetting-list|governancerolesetting-list|governancerolesetting-get|governanceroleassign,https://graphpermissions.merill.net/permission/PrivilegedAccess.Read.AzureADGroup.html
PrivilegedAccess.Read.AzureResources,False,False,Read privileged access to Azure resources,17,,,governancerolesetting-list|governancerolesetting-list|governancerolesetting-get|governanceroleassign,https://graphpermissions.merill.net/permission/PrivilegedAccess.Read.AzureResources.html
PrivilegedAccess.ReadWrite.AzureAD,False,False,Read and write privileged access to Azure AD,24,,,governancerolesetting-list|governancerolesetting-list|governancerolesetting-get|governanceroleassign,https://graphpermissions.merill.net/permission/PrivilegedAccess.ReadWrite.AzureAD.html
PrivilegedAccess.ReadWrite.AzureADGroup,False,False,Read and write privileged access to Azure AD groups,24,,,governancerolesetting-list|governancerolesetting-list|governancerolesetting-get|governanceroleassign,https://graphpermissions.merill.net/permission/PrivilegedAccess.ReadWrite.AzureADGroup.html
PrivilegedAccess.ReadWrite.AzureResources,False,False,Read and write privileged access to Azure resources,22,,,governancerolesetting-list|governancerolesetting-list|governancerolesetting-get|governanceroleassign,https://graphpermissions.merill.net/permission/PrivilegedAccess.ReadWrite.AzureResources.html
PrivilegedAssignmentSchedule.Read.AzureADGroup,False,False,Read assignment schedules for access to Azure AD groups,19,,,privilegedaccessgroupassignmentschedule-get|privilegedaccessgroupassignmentschedule-get|privilegedac,https://graphpermissions.merill.net/permission/PrivilegedAssignmentSchedule.Read.AzureADGroup.html
PrivilegedAssignmentSchedule.Read.EntraAppRole,False,False,Read assignment schedules for app permission grants and app role assignments,0,,,,https://graphpermissions.merill.net/permission/PrivilegedAssignmentSchedule.Read.EntraAppRole.html
PrivilegedAssignmentSchedule.ReadWrite.AzureADGroup,False,False,"Read, create, and delete assignment schedules for access to Azure AD groups",23,,,privilegedaccessgroupassignmentschedule-get|privilegedaccessgroupassignmentschedule-get|privilegedac,https://graphpermissions.merill.net/permission/PrivilegedAssignmentSchedule.ReadWrite.AzureADGroup.html
PrivilegedAssignmentSchedule.ReadWrite.EntraAppRole,False,False,"Read, create, and delete assignment schedules for app permission grants and app role assignments",0,,,,https://graphpermissions.merill.net/permission/PrivilegedAssignmentSchedule.ReadWrite.EntraAppRole.html
PrivilegedAssignmentSchedule.Remove.AzureADGroup,False,False,Delete assignment schedules for access to Azure AD groups,1,,,privilegedaccessgroup-post-assignmentschedulerequests|privilegedaccessgroup-post-assignmentscheduler,https://graphpermissions.merill.net/permission/PrivilegedAssignmentSchedule.Remove.AzureADGroup.html
PrivilegedEligibilitySchedule.Read.AzureADGroup,False,False,Read eligibility schedules for access to Azure AD groups,12,,,privilegedaccessgroupeligibilityscheduleinstance-get|privilegedaccessgroupeligibilityscheduleinstanc,https://graphpermissions.merill.net/permission/PrivilegedEligibilitySchedule.Read.AzureADGroup.html
PrivilegedEligibilitySchedule.Read.EntraAppRole,False,False,Read eligibility schedules for app permission grants and app role assignments,0,,,,https://graphpermissions.merill.net/permission/PrivilegedEligibilitySchedule.Read.EntraAppRole.html
PrivilegedEligibilitySchedule.ReadWrite.AzureADGroup,False,False,"Read, create, and delete eligibility schedules for access to Azure AD groups",14,,,privilegedaccessgroupeligibilityscheduleinstance-get|privilegedaccessgroupeligibilityscheduleinstanc,https://graphpermissions.merill.net/permission/PrivilegedEligibilitySchedule.ReadWrite.AzureADGroup.html
PrivilegedEligibilitySchedule.ReadWrite.EntraAppRole,False,False,"Read, create, and delete eligibility schedules for app permission grants and app role assignments",0,,,,https://graphpermissions.merill.net/permission/PrivilegedEligibilitySchedule.ReadWrite.EntraAppRole.html
PrivilegedEligibilitySchedule.Remove.AzureADGroup,False,False,Delete eligibility schedules for access to Azure AD groups,1,,,privilegedaccessgroup-post-eligibilityschedulerequests|privilegedaccessgroup-post-eligibilityschedul,https://graphpermissions.merill.net/permission/PrivilegedEligibilitySchedule.Remove.AzureADGroup.html
ProfilePhoto.Read.All,False,False,Read profile photo of a user or group,10,,,group-list-photos|group-list-photos|group-list-photos|group-list-photos|profilephoto-get|profilephot,https://graphpermissions.merill.net/permission/ProfilePhoto.Read.All.html
ProfilePhoto.ReadWrite.All,False,False,Read and write profile photo of a user or group,20,,,profilephoto-update|profilephoto-update|profilephoto-update|profilephoto-update|profilephoto-update|,https://graphpermissions.merill.net/permission/ProfilePhoto.ReadWrite.All.html
ProgramControl.Read.All,False,False,Read all programs that user can access,4,,,program-listcontrols|program-listcontrols|programcontroltype-list|programcontroltype-list|programcon,https://graphpermissions.merill.net/permission/ProgramControl.Read.All.html
ProgramControl.ReadWrite.All,False,False,Manage all programs that user can access,9,,,program-create|program-listcontrols|program-listcontrols|programcontroltype-list|programcontroltype-,https://graphpermissions.merill.net/permission/ProgramControl.ReadWrite.All.html
ProtectionScopes.Compute.All,False,False,Compute Purview policies at tenant scope,2,,,userprotectionscopecontainer-compute|userprotectionscopecontainer-compute|tenantprotectionscopeconta,https://graphpermissions.merill.net/permission/ProtectionScopes.Compute.All.html
ProtectionScopes.Compute.User,False,False,Compute Purview policies for an individual user,1,,,userprotectionscopecontainer-compute|userprotectionscopecontainer-compute|userprotectionscopecontain,https://graphpermissions.merill.net/permission/ProtectionScopes.Compute.User.html
ProvisioningLog.Read.All,False,False,Read provisioning log data,4,,,identitycorrelation-get|identitycorrelation-get|correlatedidentity-get|correlatedidentity-get|identi,https://graphpermissions.merill.net/permission/ProvisioningLog.Read.All.html
PublicKeyInfrastructure.Read.All,False,False,Read certificate based authentication configurations,16,,,directory-deleteditems-delete|directory-deleteditems-delete|directory-deleteditems-delete|directory-,https://graphpermissions.merill.net/permission/PublicKeyInfrastructure.Read.All.html
PublicKeyInfrastructure.ReadWrite.All,False,False,Read and write certificate based authentication configurations,11,,,certificatebasedauthpki-upload|certificatebasedauthpki-upload|publickeyinfrastructureroot-list-certi,https://graphpermissions.merill.net/permission/PublicKeyInfrastructure.ReadWrite.All.html
PullPrintPrinter.Read.All,False,False,Read pull-print printers,0,,,,https://graphpermissions.merill.net/permission/PullPrintPrinter.Read.All.html
QnA.Read.All,False,False,Read all Questions and Answers that the user can access.,1,,,search-query|search-query|,https://graphpermissions.merill.net/permission/QnA.Read.All.html
RealTimeActivityFeed.Read.All,False,False,Access real-time enriched data in a meeting,0,,,,https://graphpermissions.merill.net/permission/RealTimeActivityFeed.Read.All.html
RecordsManagement.Read.All,False,False,"Read Records Management configuration, labels, and policies",26,,,security-labelsroot-list-fileplanreferences|security-labelsroot-list-fileplanreferences|security-aut,https://graphpermissions.merill.net/permission/RecordsManagement.Read.All.html
RecordsManagement.ReadWrite.All,False,False,"Read and write Records Management configuration, labels, and policies",65,,,security-retentionevent-post|security-retentionevent-post|security-retentionlabel-delete|security-ca,https://graphpermissions.merill.net/permission/RecordsManagement.ReadWrite.All.html
RemoteTenantGroups.Read.All,False,False,Read RemoteTenantGroups information,2,,,remotetenantgroup-get|remotetenantgroup-get|directory-list-remotetenantgroups|directory-list-remotet,https://graphpermissions.merill.net/permission/RemoteTenantGroups.Read.All.html
Reports.Read.All,False,False,Read all usage reports,176,,,reportroot-getteamsdeviceusagedistributionusercounts|reportroot-getteamsdeviceusagedistributionuserc,https://graphpermissions.merill.net/permission/Reports.Read.All.html
ReportSettings.Read.All,False,False,Read admin report settings,2,,,adminreportsettings-get|adminreportsettings-get|adminreportsettings-get|adminreportsettings-get|shar,https://graphpermissions.merill.net/permission/ReportSettings.Read.All.html
ReportSettings.ReadWrite.All,False,False,Read and write admin report settings,4,,,adminreportsettings-update|adminreportsettings-update|adminreportsettings-get|adminreportsettings-ge,https://graphpermissions.merill.net/permission/ReportSettings.ReadWrite.All.html
ResourceSpecificPermissionGrant.ReadForChat.All,False,False,Read resource specific permissions granted on a chat,1,,,chat-list-permissiongrants|,https://graphpermissions.merill.net/permission/ResourceSpecificPermissionGrant.ReadForChat.All.html
ResourceSpecificPermissionGrant.ReadForTeam.All,False,False,Read resource specific permissions granted on a team,0,,,,https://graphpermissions.merill.net/permission/ResourceSpecificPermissionGrant.ReadForTeam.All.html
ResourceSpecificPermissionGrant.ReadForUser.All,False,False,Read all resource specific permissions granted on user accounts,1,,,user-list-permissiongrants|user-list-permissiongrants|,https://graphpermissions.merill.net/permission/ResourceSpecificPermissionGrant.ReadForUser.All.html
RiskPreventionProviders.Read.All,False,False,Read all identity risk prevention providers,7,,,webapplicationfirewallverificationmodel-get|riskpreventioncontainer-list-webapplicationfirewallverif,https://graphpermissions.merill.net/permission/RiskPreventionProviders.Read.All.html
RiskPreventionProviders.ReadWrite.All,False,False,Read and write all identity risk prevention providers,15,,,riskpreventioncontainer-post-webapplicationfirewallproviders|webapplicationfirewallprovider-verify|w,https://graphpermissions.merill.net/permission/RiskPreventionProviders.ReadWrite.All.html
RoleAssignmentSchedule.Read.Directory,False,False,Read all active role assignments for your company's directory,13,,,unifiedroleassignmentscheduleinstance-filterbycurrentuser|unifiedroleassignmentscheduleinstance-filt,https://graphpermissions.merill.net/permission/RoleAssignmentSchedule.Read.Directory.html
RoleAssignmentSchedule.ReadWrite.Directory,False,False,"Read, update, and delete all active role assignments for your company's directory",22,,,unifiedroleassignmentschedulerequest-get|unifiedroleassignmentschedulerequest-get|unifiedroleassignm,https://graphpermissions.merill.net/permission/RoleAssignmentSchedule.ReadWrite.Directory.html
RoleAssignmentSchedule.Remove.Directory,False,False,Delete all active role assignments for your company's directory,1,,,rbacapplication-post-roleassignmentschedulerequests|rbacapplication-post-roleassignmentschedulereque,https://graphpermissions.merill.net/permission/RoleAssignmentSchedule.Remove.Directory.html
RoleEligibilitySchedule.Read.Directory,False,False,Read all eligible role assignments for your company's directory,10,,,unifiedroleeligibilityschedule-filterbycurrentuser|unifiedroleeligibilityschedule-filterbycurrentuse,https://graphpermissions.merill.net/permission/RoleEligibilitySchedule.Read.Directory.html
RoleEligibilitySchedule.ReadWrite.Directory,False,False,"Read, update, and delete  all eligible role assignments for your company's directory",18,,,unifiedroleeligibilityschedulerequest-get|unifiedroleeligibilityschedulerequest-get|rbacapplication-,https://graphpermissions.merill.net/permission/RoleEligibilitySchedule.ReadWrite.Directory.html
RoleEligibilitySchedule.Remove.Directory,False,False,Delete all eligible role assignments for your company's directory,1,,,rbacapplication-post-roleassignmentschedulerequests|rbacapplication-post-roleassignmentschedulereque,https://graphpermissions.merill.net/permission/RoleEligibilitySchedule.Remove.Directory.html
RoleManagement.Read.All,False,False,Read role management data for all RBAC providers,40,,,policyroot-list-rolemanagementpolicyassignments|policyroot-list-rolemanagementpolicyassignments|unif,https://graphpermissions.merill.net/permission/RoleManagement.Read.All.html
RoleManagement.Read.CloudPC,False,False,Read Cloud PC RBAC settings,2,,,rbacapplication-list-roledefinitions|rbacapplication-list-roledefinitions|unifiedroledefinition-get|,https://graphpermissions.merill.net/permission/RoleManagement.Read.CloudPC.html
RoleManagement.Read.Defender,False,False,Read M365 Defender RBAC configuration,5,,,unifiedrbacapplicationmultiple-list-customappscopes|unifiedrbacapplicationmultiple-list-customappsco,https://graphpermissions.merill.net/permission/RoleManagement.Read.Defender.html
RoleManagement.Read.Directory,False,False,Read directory RBAC settings,62,,,administrativeunit-list-scopedrolemembers|administrativeunit-list-scopedrolemembers|policyroot-list-,https://graphpermissions.merill.net/permission/RoleManagement.Read.Directory.html
RoleManagement.Read.Exchange,False,False,Read Exchange Online RBAC configuration,6,,,customappscope-get|customappscope-get|unifiedrbacapplication-list-customappscopes|unifiedrbacapplica,https://graphpermissions.merill.net/permission/RoleManagement.Read.Exchange.html
RoleManagement.ReadWrite.CloudPC,False,False,Read and write Cloud PC RBAC settings,5,,,rbacapplication-post-roledefinitions|rbacapplication-post-roledefinitions|rbacapplication-post-roled,https://graphpermissions.merill.net/permission/RoleManagement.ReadWrite.CloudPC.html
RoleManagement.ReadWrite.Defender,False,False,Read M365 Defender RBAC configuration,9,,,unifiedrbacapplicationmultiple-list-customappscopes|unifiedrbacapplicationmultiple-list-customappsco,https://graphpermissions.merill.net/permission/RoleManagement.ReadWrite.Defender.html
RoleManagement.ReadWrite.Directory,False,False,Read and write directory RBAC settings,88,,,administrativeunit-list-scopedrolemembers|administrativeunit-list-scopedrolemembers|unifiedroleeligi,https://graphpermissions.merill.net/permission/RoleManagement.ReadWrite.Directory.html
RoleManagement.ReadWrite.Exchange,False,False,Read and write Exchange Online RBAC configuration,11,,,rbacapplication-post-roleassignments|rbacapplication-post-roleassignments|unifiedroleassignment-dele,https://graphpermissions.merill.net/permission/RoleManagement.ReadWrite.Exchange.html
RoleManagementAlert.Read.Directory,False,False,Read all alert data for your company's directory,9,,,unifiedrolemanagementalertincident-get|unifiedrolemanagementalertincident-get|longrunningoperation-g,https://graphpermissions.merill.net/permission/RoleManagementAlert.Read.Directory.html
RoleManagementAlert.ReadWrite.Directory,False,False,"Read all alert data, configure alerts, and take actions on all alerts for your company's directory",13,,,unifiedrolemanagementalert-update|unifiedrolemanagementalert-update|unifiedrolemanagementalertincide,https://graphpermissions.merill.net/permission/RoleManagementAlert.ReadWrite.Directory.html
RoleManagementPolicy.Read.AzureADGroup,False,False,Read all policies in PIM for Groups,6,,,policyroot-list-rolemanagementpolicyassignments|policyroot-list-rolemanagementpolicyassignments|unif,https://graphpermissions.merill.net/permission/RoleManagementPolicy.Read.AzureADGroup.html
RoleManagementPolicy.Read.Directory,False,False,Read all policies for privileged role assignments of your company's directory,7,,,policyroot-list-rolemanagementpolicyassignments|policyroot-list-rolemanagementpolicyassignments|unif,https://graphpermissions.merill.net/permission/RoleManagementPolicy.Read.Directory.html
RoleManagementPolicy.Read.EntraAppRole,False,False,Read all policies in PIM for App Roles,0,,,,https://graphpermissions.merill.net/permission/RoleManagementPolicy.Read.EntraAppRole.html
RoleManagementPolicy.ReadWrite.AzureADGroup,False,False,"Read, update, and delete all policies in PIM for Groups",8,,,policyroot-list-rolemanagementpolicyassignments|policyroot-list-rolemanagementpolicyassignments|unif,https://graphpermissions.merill.net/permission/RoleManagementPolicy.ReadWrite.AzureADGroup.html
RoleManagementPolicy.ReadWrite.Directory,False,False,"Read, update, and delete all policies for privileged role assignments of your company's directory",9,,,policyroot-list-rolemanagementpolicyassignments|policyroot-list-rolemanagementpolicyassignments|unif,https://graphpermissions.merill.net/permission/RoleManagementPolicy.ReadWrite.Directory.html
RoleManagementPolicy.ReadWrite.EntraAppRole,False,False,Manage all policies in PIM for App Roles,0,,,,https://graphpermissions.merill.net/permission/RoleManagementPolicy.ReadWrite.EntraAppRole.html
Schedule-WorkingTime.ReadWrite.All,False,False,Trigger working time policies and read the working time status,3,,,workingtimeschedule-get|workingtimeschedule-endworkingtime|workingtimeschedule-startworkingtime|work,https://graphpermissions.merill.net/permission/Schedule-WorkingTime.ReadWrite.All.html
Schedule.Read.All,False,False,Read user schedule items,37,,,timeoff-get|timeoff-get|timeoffrequest-get|timeoffrequest-get|schedule-list-shifts|schedule-list-shi,https://graphpermissions.merill.net/permission/Schedule.Read.All.html
Schedule.ReadWrite.All,False,False,Read and write user schedule items,91,,,timeoff-get|timeoff-get|timeoffrequest-get|timeoffrequest-get|openshift-update|openshift-update|sche,https://graphpermissions.merill.net/permission/Schedule.ReadWrite.All.html
SchedulePermissions.ReadWrite.All,False,False,Read/Write schedule permissions for a role.,2,,,shiftsroledefinition-update|shiftsroledefinition-update|shiftsroledefinition-get|shiftsroledefinitio,https://graphpermissions.merill.net/permission/SchedulePermissions.ReadWrite.All.html
SearchConfiguration.Read.All,False,False,Read your organization's search configuration,15,,,search-searchentity-post-bookmarks|search-searchentity-post-bookmarks|search-bookmark-get|search-boo,https://graphpermissions.merill.net/permission/SearchConfiguration.Read.All.html
SearchConfiguration.ReadWrite.All,False,False,Read and write your organization's search configuration,15,,,search-searchentity-post-bookmarks|search-searchentity-post-bookmarks|search-bookmark-get|search-boo,https://graphpermissions.merill.net/permission/SearchConfiguration.ReadWrite.All.html
SecurityActions.Read.All,False,False,Read your organization's security actions,2,,,securityaction-get|securityactions-list|,https://graphpermissions.merill.net/permission/SecurityActions.Read.All.html
SecurityActions.ReadWrite.All,False,False,Read and update your organization's security actions,4,,,securityaction-get|securityaction-cancelsecurityaction|securityactions-list|securityactions-post|,https://graphpermissions.merill.net/permission/SecurityActions.ReadWrite.All.html
SecurityAlert.Create.All,False,False,Create security alerts,1,,,security-alert-post-manualalert|security-alert-post-manualalert|,https://graphpermissions.merill.net/permission/SecurityAlert.Create.All.html
SecurityAlert.Read.All,False,False,Read all security alerts,2,,,security-alert-get|security-alert-get|security-list-alerts_v2|security-list-alerts_v2|security-alert,https://graphpermissions.merill.net/permission/SecurityAlert.Read.All.html
SecurityAlert.ReadWrite.All,False,False,Read and write to all security alerts,5,,,security-alert-get|security-alert-get|security-alert-update|security-alert-update|security-list-aler,https://graphpermissions.merill.net/permission/SecurityAlert.ReadWrite.All.html
SecurityAnalyzedMessage.Read.All,False,False,Read metadata and detection details for emails in your organization,2,,,security-collaborationroot-list-analyzedemails|security-analyzedemail-get|security-collaborationroot,https://graphpermissions.merill.net/permission/SecurityAnalyzedMessage.Read.All.html
SecurityAnalyzedMessage.ReadWrite.All,False,False,"Read metadata, detection details, and execute remediation actions on emails in your organization",3,,,security-analyzedemail-remediate|security-collaborationroot-list-analyzedemails|security-analyzedema,https://graphpermissions.merill.net/permission/SecurityAnalyzedMessage.ReadWrite.All.html
SecurityEvents.Read.All,False,False,Read your organization’s security events,17,,,security-list-securescores|security-list-securescores|security-list-securescores|security-list-secur,https://graphpermissions.merill.net/permission/SecurityEvents.Read.All.html
SecurityEvents.ReadWrite.All,False,False,Read and update your organization’s security events,27,,,security-list-securescores|security-list-securescores|security-list-securescores|security-list-secur,https://graphpermissions.merill.net/permission/SecurityEvents.ReadWrite.All.html
SecurityIdentitiesAccount.Read.All,False,False,Read identity security available identity accounts,2,,,security-identityaccounts-get|security-identityaccounts-get|security-identitycontainer-list-identity,https://graphpermissions.merill.net/permission/SecurityIdentitiesAccount.Read.All.html
SecurityIdentitiesActions.ReadWrite.All,False,False,Read and perform identity security available actions,1,,,security-identityaccounts-invokeaction|security-identityaccounts-invokeaction|security-identityaccou,https://graphpermissions.merill.net/permission/SecurityIdentitiesActions.ReadWrite.All.html
SecurityIdentitiesAutoConfig.Read.All,False,False,Read sensors window auditing configuration,1,,,security-autoauditingconfiguration-get|security-autoauditingconfiguration-get|security-autoauditingc,https://graphpermissions.merill.net/permission/SecurityIdentitiesAutoConfig.Read.All.html
SecurityIdentitiesAutoConfig.ReadWrite.All,False,False,Read and write sensors window auditing configuration,2,,,security-autoauditingconfiguration-update|security-autoauditingconfiguration-update|security-autoaud,https://graphpermissions.merill.net/permission/SecurityIdentitiesAutoConfig.ReadWrite.All.html
SecurityIdentitiesHealth.Read.All,False,False,Read identity security health issues,2,,,security-healthissue-get|security-healthissue-get|security-identitycontainer-list-healthissues|secur,https://graphpermissions.merill.net/permission/SecurityIdentitiesHealth.Read.All.html
SecurityIdentitiesHealth.ReadWrite.All,False,False,Read and write identity security health issues,3,,,security-healthissue-get|security-healthissue-get|security-healthissue-update|security-healthissue-u,https://graphpermissions.merill.net/permission/SecurityIdentitiesHealth.ReadWrite.All.html
SecurityIdentitiesMigration.Read.All,False,False,Read identity security sensor migration,1,,,security-identitycontainer-list-sensormigration|security-identitycontainer-list-sensormigration|,https://graphpermissions.merill.net/permission/SecurityIdentitiesMigration.Read.All.html
SecurityIdentitiesMigration.ReadWrite.All,False,False,Read and write identity security sensor migration,1,,,security-sensormigration-migrate|security-sensormigration-migrate|,https://graphpermissions.merill.net/permission/SecurityIdentitiesMigration.ReadWrite.All.html
SecurityIdentitiesSensors.Read.All,False,False,Read identity security sensors,5,,,security-identitycontainer-list-sensors|security-identitycontainer-list-sensors|security-sensor-get|,https://graphpermissions.merill.net/permission/SecurityIdentitiesSensors.Read.All.html
SecurityIdentitiesSensors.ReadWrite.All,False,False,Read and write identity security sensors,8,,,security-sensor-getdeploymentaccesskey|security-sensor-getdeploymentaccesskey|security-sensorcandida,https://graphpermissions.merill.net/permission/SecurityIdentitiesSensors.ReadWrite.All.html
SecurityIdentitiesUserActions.Read.All,False,False,Read identity security available user actions,0,,,,https://graphpermissions.merill.net/permission/SecurityIdentitiesUserActions.Read.All.html
SecurityIdentitiesUserActions.ReadWrite.All,False,False,Read and perform identity security available user actions,0,,,,https://graphpermissions.merill.net/permission/SecurityIdentitiesUserActions.ReadWrite.All.html
SecurityIncident.Read.All,False,False,Read incidents,2,,,security-incident-get|security-incident-get|security-list-incidents|security-list-incidents|security,https://graphpermissions.merill.net/permission/SecurityIncident.Read.All.html
SecurityIncident.ReadWrite.All,False,False,Read and write to incidents,4,,,security-incident-get|security-incident-get|security-incident-post-comments|security-incident-post-c,https://graphpermissions.merill.net/permission/SecurityIncident.ReadWrite.All.html
SensitivityLabel.Evaluate,False,False,Evaluate sensitivity labels,2,,,sensitivitylabel-computeinheritance|sensitivitylabel-computeinheritance|sensitivitylabel-computerigh,https://graphpermissions.merill.net/permission/SensitivityLabel.Evaluate.html
SensitivityLabel.Evaluate.All,False,False,Evaluate labels tenant scope.,2,,,sensitivitylabel-computeinheritance|sensitivitylabel-computeinheritance|sensitivitylabel-computerigh,https://graphpermissions.merill.net/permission/SensitivityLabel.Evaluate.All.html
SensitivityLabel.Read,False,False,Get labels user scope.,3,,,tenantdatasecurityandgovernance-list-sensitivitylabels|tenantdatasecurityandgovernance-list-sensitiv,https://graphpermissions.merill.net/permission/SensitivityLabel.Read.html
SensitivityLabels.Read.All,False,False,Get labels app scope.,3,,,tenantdatasecurityandgovernance-list-sensitivitylabels|tenantdatasecurityandgovernance-list-sensitiv,https://graphpermissions.merill.net/permission/SensitivityLabels.Read.All.html
SentimentSurvey.Export.All,False,False,Export all Sentiment Survey,0,,,,https://graphpermissions.merill.net/permission/SentimentSurvey.Export.All.html
ServiceActivity-Exchange.Read.All,False,False,Read all Exchange service activity,9,,,serviceactivity-getactiveusermetricsforemailbymodernauthentication|serviceactivity-getactiveusermetr,https://graphpermissions.merill.net/permission/ServiceActivity-Exchange.Read.All.html
ServiceActivity-Microsoft365Web.Read.All,False,False,Read all Microsoft 365 Web service activity,0,,,,https://graphpermissions.merill.net/permission/ServiceActivity-Microsoft365Web.Read.All.html
ServiceActivity-OneDrive.Read.All,False,False,Read all One Drive service activity,0,,,,https://graphpermissions.merill.net/permission/ServiceActivity-OneDrive.Read.All.html
ServiceActivity-Teams.Read.All,False,False,Read all Teams service activity,5,,,serviceactivity-getusagemetricsforteamsbylaunch|serviceactivity-getusagemetricsforteamsbylaunch|serv,https://graphpermissions.merill.net/permission/ServiceActivity-Teams.Read.All.html
ServiceHealth.Read.All,False,False,Read service health,5,,,servicehealthissue-get|servicehealthissue-get|servicehealth-get|servicehealth-get|serviceannouncemen,https://graphpermissions.merill.net/permission/ServiceHealth.Read.All.html
ServiceMessage.Read.All,False,False,Read service announcement messages,4,,,serviceupdatemessage-list-attachments|serviceupdatemessage-list-attachments|serviceupdatemessage-get,https://graphpermissions.merill.net/permission/ServiceMessage.Read.All.html
ServicePrincipalEndpoint.Read.All,False,False,Read service principal endpoints,0,,,,https://graphpermissions.merill.net/permission/ServicePrincipalEndpoint.Read.All.html
ServicePrincipalEndpoint.ReadWrite.All,False,False,Read and update service principal endpoints,0,,,,https://graphpermissions.merill.net/permission/ServicePrincipalEndpoint.ReadWrite.All.html
SharePointCrossTenantMigration.Manage.All,False,False,"Read, write and manage SharePoint Cross-Tenant migration settings and tasks",4,,,sharepointmigrationtask-update|sharepointmigrationtask-update|sharepointmigrationtask-cancel|sharepo,https://graphpermissions.merill.net/permission/SharePointCrossTenantMigration.Manage.All.html
SharePointCrossTenantMigration.Read.All,False,False,Read SharePoint Cross-Tenant migration settings and tasks,6,,,sharepointmigrationtask-getbysourceuserprincipalname|sharepointmigrationtask-getbysourceuserprincipa,https://graphpermissions.merill.net/permission/SharePointCrossTenantMigration.Read.All.html
SharePointTenantSettings.Read.All,False,False,Read SharePoint and OneDrive tenant settings,1,,,sharepointsettings-get|sharepointsettings-get|sharepointsettings-get|sharepointsettings-get|,https://graphpermissions.merill.net/permission/SharePointTenantSettings.Read.All.html
SharePointTenantSettings.ReadWrite.All,False,False,Read and change SharePoint and OneDrive tenant settings,2,,,sharepointsettings-update|sharepointsettings-update|sharepointsettings-get|sharepointsettings-get|sh,https://graphpermissions.merill.net/permission/SharePointTenantSettings.ReadWrite.All.html
ShortNotes.Read.All,False,False,Read all users' short notes,20,,,singlevaluelegacyextendedproperty-get|singlevaluelegacyextendedproperty-get|singlevaluelegacyextende,https://graphpermissions.merill.net/permission/ShortNotes.Read.All.html
ShortNotes.ReadWrite.All,False,False,"Read, create, edit, and delete all users' short notes",49,,,opentypeextension-update|opentypeextension-update|opentypeextension-update|opentypeextension-update|,https://graphpermissions.merill.net/permission/ShortNotes.ReadWrite.All.html
SignInIdentifier.Read.All,False,False,Read SignInIdentifiers,1,,,signinidentifierbase-get|signinidentifierbase-get|,https://graphpermissions.merill.net/permission/SignInIdentifier.Read.All.html
SignInIdentifier.ReadWrite.All,False,False,Read and write all sign-in identifiers,3,,,signinidentifierbase-delete|signinidentifierbase-delete|signinidentifierbase-get|signinidentifierbas,https://graphpermissions.merill.net/permission/SignInIdentifier.ReadWrite.All.html
Sites.Archive.All,False,False,,2,,,site-archive|site-archive|site-unarchive|site-unarchive|,https://graphpermissions.merill.net/permission/Sites.Archive.All.html
Sites.Create.All,False,False,"Create Site Collections, on behalf of the signed-in user",2,,,site-getoperationstatus|site-getoperationstatus|site-post-sites|site-post-sites|,https://graphpermissions.merill.net/permission/Sites.Create.All.html
Sites.FullControl.All,False,False,Have full control of all site collections,107,,,site-post-contenttypes|site-post-contenttypes|contenttype-unpublish|contenttype-unpublish|listitem-p,https://graphpermissions.merill.net/permission/Sites.FullControl.All.html
Sites.Manage.All,False,False,"Create, edit, and delete items and lists in all site collections",100,,,site-post-contenttypes|site-post-contenttypes|listitem-post-permissions|listitem-post-permissions|li,https://graphpermissions.merill.net/permission/Sites.Manage.All.html
Sites.Read.All,False,False,Read items in all site collections,260,,,driveitem-extractsensitivitylabels|driveitem-extractsensitivitylabels|driveitem-extractsensitivityla,https://graphpermissions.merill.net/permission/Sites.Read.All.html
Sites.ReadWrite.All,False,False,Edit or delete items in all site collections,462,,,driveitem-extractsensitivitylabels|driveitem-extractsensitivitylabels|driveitem-extractsensitivityla,https://graphpermissions.merill.net/permission/Sites.ReadWrite.All.html
Sites.Selected,False,False,"Access selected Sites, on behalf of the signed-in user",11,,,documentsetversion-get|documentsetversion-get|listitem-post-documentsetversions|listitem-post-docume,https://graphpermissions.merill.net/permission/Sites.Selected.html
SpiffeTrustDomain.Read.All,False,False,Read SPIFFE trust domains and child resources,0,,,,https://graphpermissions.merill.net/permission/SpiffeTrustDomain.Read.All.html
SpiffeTrustDomain.ReadWrite.All,False,False,Read and write SPIFFE trust domains and child resources,0,,,,https://graphpermissions.merill.net/permission/SpiffeTrustDomain.ReadWrite.All.html
Storyline.ReadWrite.All,False,False,Read and write all Viva Engage storylines,4,,,storyline-follow|storyline-follow|storyline-list-followings|storyline-unfollow|storyline-unfollow|st,https://graphpermissions.merill.net/permission/Storyline.ReadWrite.All.html
SubjectRightsRequest.Read.All,False,False,Read subject rights requests,12,,,subjectrightsrequest-get|subjectrightsrequest-get|subjectrightsrequest-list|subjectrightsrequest-lis,https://graphpermissions.merill.net/permission/SubjectRightsRequest.Read.All.html
SubjectRightsRequest.ReadWrite.All,False,False,Read and write subject rights requests,18,,,subjectrightsrequest-get|subjectrightsrequest-get|subjectrightsrequest-post-notes|subjectrightsreque,https://graphpermissions.merill.net/permission/SubjectRightsRequest.ReadWrite.All.html
Synchronization.Read.All,False,False,Read all Azure AD synchronization data,13,,,synchronization-synchronizationtemplate-get|synchronization-synchronizationtemplate-get|synchronizat,https://graphpermissions.merill.net/permission/Synchronization.Read.All.html
Synchronization.ReadWrite.All,False,False,Read and write all Azure AD synchronization data,37,,,synchronization-synchronizationjob-start|synchronization-synchronizationjob-start|synchronization-sy,https://graphpermissions.merill.net/permission/Synchronization.ReadWrite.All.html
SynchronizationData-User.Upload,False,False,Upload user data to the identity synchronization service,1,,,synchronization-synchronizationjob-post-bulkupload|synchronization-synchronizationjob-post-bulkuploa,https://graphpermissions.merill.net/permission/SynchronizationData-User.Upload.html
SynchronizationData-User.Upload.OwnedBy,False,False,Upload user data to the identity sync service for apps that this application creates or owns,1,,,synchronization-synchronizationjob-post-bulkupload|synchronization-synchronizationjob-post-bulkuploa,https://graphpermissions.merill.net/permission/SynchronizationData-User.Upload.OwnedBy.html
Tasks.Read.All,False,False,Read all users’ tasks and tasklist,63,,,plannerplan-list-buckets|linkedresource-get|linkedresource-get|todotasklist-delta|todotasklist-delta,https://graphpermissions.merill.net/permission/Tasks.Read.All.html
Tasks.ReadWrite.All,False,False,Read and write all users’ tasks and tasklists,126,,,plannerplan-list-buckets|todotasklist-delta|todotasklist-delta|opentypeextension-update|opentypeexte,https://graphpermissions.merill.net/permission/Tasks.ReadWrite.All.html
Team.Create,False,False,Create teams,2,,,team-clone|team-clone|team-post|team-post|team-clone|team-clone|team-post|team-post|,https://graphpermissions.merill.net/permission/Team.Create.html
Team.ReadBasic.All,False,False,Read the names and descriptions of teams,21,,,team-get|team-get|user-list-joinedteams|user-list-joinedteams|user-list-joinedteams|user-list-joined,https://graphpermissions.merill.net/permission/Team.ReadBasic.All.html
TeamMember.Read.All,False,False,Read the members of teams,9,,,subscription-delete|subscription-delete|subscription-list|subscription-list|subscription-update|subs,https://graphpermissions.merill.net/permission/TeamMember.Read.All.html
TeamMember.ReadWrite.All,False,False,Add and remove members from teams,16,,,conversationmembers-add|conversationmembers-add|conversationmember-remove|conversationmember-remove|,https://graphpermissions.merill.net/permission/TeamMember.ReadWrite.All.html
TeamMember.ReadWriteNonOwnerRole.All,False,False,Add and remove members with non-owner role for all teams,6,,,conversationmembers-add|conversationmembers-add|team-delete-members|team-delete-members|team-update-,https://graphpermissions.merill.net/permission/TeamMember.ReadWriteNonOwnerRole.All.html
TeamsActivity.Read.All,False,False,Read all users' teamwork activity feed,0,,,,https://graphpermissions.merill.net/permission/TeamsActivity.Read.All.html
TeamsActivity.Send,False,False,Send a teamwork activity as the user,4,,,teamwork-sendactivitynotificationtorecipients|teamwork-sendactivitynotificationtorecipients|userteam,https://graphpermissions.merill.net/permission/TeamsActivity.Send.html
TeamsAppInstallation.ManageSelectedForChat.All,False,False,Manage installation and permission grants of selected Teams apps in all chats,6,,,chat-get-installedapps|chat-post-installedapps|chat-teamsappinstallation-upgrade|chat-delete-install,https://graphpermissions.merill.net/permission/TeamsAppInstallation.ManageSelectedForChat.All.html
TeamsAppInstallation.ManageSelectedForTeam.All,False,False,Manage installation and permission grants of selected Teams apps in all teams,13,,,team-teamsappinstallation-upgrade|channel-delete-enabledapps|team-delete-installedapps|team-get-inst,https://graphpermissions.merill.net/permission/TeamsAppInstallation.ManageSelectedForTeam.All.html
TeamsAppInstallation.ManageSelectedForUser.All,False,False,Manage installation and permission grants of selected Teams apps for all user accounts,6,,,userteamwork-list-installedapps|userteamwork-get-installedapps|userteamwork-post-installedapps|usert,https://graphpermissions.merill.net/permission/TeamsAppInstallation.ManageSelectedForUser.All.html
TeamsAppInstallation.Read.All,False,False,Read installed Teams apps for all installation scopes,12,,,chat-get-installedapps|userteamwork-list-installedapps|userteamwork-get-installedapps|userscopeteams,https://graphpermissions.merill.net/permission/TeamsAppInstallation.Read.All.html
TeamsAppInstallation.ReadForChat.All,False,False,Read installed Teams apps for all chats,3,,,chat-get-installedapps|chat-list-installedapps|chat-list-permissiongrants|chat-get-installedapps|cha,https://graphpermissions.merill.net/permission/TeamsAppInstallation.ReadForChat.All.html
TeamsAppInstallation.ReadForTeam.All,False,False,Read installed Teams apps for all teams,7,,,team-get-installedapps|channel-list-enabledapps|team-list-permissiongrants|team-list-installedapps|t,https://graphpermissions.merill.net/permission/TeamsAppInstallation.ReadForTeam.All.html
TeamsAppInstallation.ReadForUser.All,False,False,Read installed Teams apps for all users,3,,,userteamwork-list-installedapps|userteamwork-get-installedapps|userscopeteamsappinstallation-get-cha,https://graphpermissions.merill.net/permission/TeamsAppInstallation.ReadForUser.All.html
TeamsAppInstallation.ReadSelectedForChat.All,False,False,Read selected installed Teams apps in all chats,0,,,,https://graphpermissions.merill.net/permission/TeamsAppInstallation.ReadSelectedForChat.All.html
TeamsAppInstallation.ReadSelectedForTeam.All,False,False,Read selected installed Teams apps in all teams,0,,,,https://graphpermissions.merill.net/permission/TeamsAppInstallation.ReadSelectedForTeam.All.html
TeamsAppInstallation.ReadSelectedForUser.All,False,False,Read selected installed Teams apps for all users,0,,,,https://graphpermissions.merill.net/permission/TeamsAppInstallation.ReadSelectedForUser.All.html
TeamsAppInstallation.ReadWriteAndConsentForChat.All,False,False,Manage installation and permission grants of Teams apps for all chats,3,,,chat-post-installedapps|chat-teamsappinstallation-upgrade|chat-list-installedapps|chat-post-installe,https://graphpermissions.merill.net/permission/TeamsAppInstallation.ReadWriteAndConsentForChat.All.html
TeamsAppInstallation.ReadWriteAndConsentForTeam.All,False,False,Manage installation and permission grants of Teams apps for all teams,4,,,team-teamsappinstallation-upgrade|team-get-installedapps|team-post-installedapps|team-list-installed,https://graphpermissions.merill.net/permission/TeamsAppInstallation.ReadWriteAndConsentForTeam.All.html
TeamsAppInstallation.ReadWriteAndConsentForUser.All,False,False,Manage installation and permission grants of Teams apps in a user account,6,,,userteamwork-list-installedapps|userteamwork-get-installedapps|userteamwork-post-installedapps|usert,https://graphpermissions.merill.net/permission/TeamsAppInstallation.ReadWriteAndConsentForUser.All.html
TeamsAppInstallation.ReadWriteAndConsentSelfForChat.All,False,False,Allow the Teams app to manage itself and its permission grants for all chats,3,,,chat-post-installedapps|chat-teamsappinstallation-upgrade|chat-list-installedapps|chat-post-installe,https://graphpermissions.merill.net/permission/TeamsAppInstallation.ReadWriteAndConsentSelfForChat.All.html
TeamsAppInstallation.ReadWriteAndConsentSelfForTeam.All,False,False,Allow the Teams app to manage itself and its permission grants for all teams,4,,,team-teamsappinstallation-upgrade|team-get-installedapps|team-post-installedapps|team-list-installed,https://graphpermissions.merill.net/permission/TeamsAppInstallation.ReadWriteAndConsentSelfForTeam.All.html
TeamsAppInstallation.ReadWriteAndConsentSelfForUser.All,False,False,Allow the Teams app to manage itself and its permission grants in all user accounts,6,,,userteamwork-list-installedapps|userteamwork-get-installedapps|userteamwork-post-installedapps|usert,https://graphpermissions.merill.net/permission/TeamsAppInstallation.ReadWriteAndConsentSelfForUser.All.html
TeamsAppInstallation.ReadWriteForChat.All,False,False,Manage Teams apps for all chats,6,,,chat-get-installedapps|chat-post-installedapps|chat-teamsappinstallation-upgrade|chat-delete-install,https://graphpermissions.merill.net/permission/TeamsAppInstallation.ReadWriteForChat.All.html
TeamsAppInstallation.ReadWriteForTeam.All,False,False,Manage Teams apps for all teams,14,,,team-teamsappinstallation-upgrade|channel-delete-enabledapps|team-delete-installedapps|team-get-inst,https://graphpermissions.merill.net/permission/TeamsAppInstallation.ReadWriteForTeam.All.html
TeamsAppInstallation.ReadWriteForUser.All,False,False,Manage Teams apps for all users,6,,,userteamwork-list-installedapps|userteamwork-get-installedapps|userscopeteamsappinstallation-get-cha,https://graphpermissions.merill.net/permission/TeamsAppInstallation.ReadWriteForUser.All.html
TeamsAppInstallation.ReadWriteSelectedForChat.All,False,False,Manage selected installed Teams apps in all chats,0,,,,https://graphpermissions.merill.net/permission/TeamsAppInstallation.ReadWriteSelectedForChat.All.html
TeamsAppInstallation.ReadWriteSelectedForTeam.All,False,False,Manage selected installed Teams apps in all teams,0,,,,https://graphpermissions.merill.net/permission/TeamsAppInstallation.ReadWriteSelectedForTeam.All.html
TeamsAppInstallation.ReadWriteSelectedForUser.All,False,False,Manage selected Teams apps installed for all users,6,,,userteamwork-list-installedapps|userteamwork-get-installedapps|userscopeteamsappinstallation-get-cha,https://graphpermissions.merill.net/permission/TeamsAppInstallation.ReadWriteSelectedForUser.All.html
TeamsAppInstallation.ReadWriteSelfForChat.All,False,False,Allow the Teams app to manage itself for all chats,6,,,chat-get-installedapps|chat-post-installedapps|chat-teamsappinstallation-upgrade|chat-delete-install,https://graphpermissions.merill.net/permission/TeamsAppInstallation.ReadWriteSelfForChat.All.html
TeamsAppInstallation.ReadWriteSelfForTeam.All,False,False,Allow the Teams app to manage itself for all teams,6,,,team-teamsappinstallation-upgrade|team-delete-installedapps|team-get-installedapps|team-post-install,https://graphpermissions.merill.net/permission/TeamsAppInstallation.ReadWriteSelfForTeam.All.html
TeamsAppInstallation.ReadWriteSelfForUser.All,False,False,Allow the app to manage itself for all users,6,,,userteamwork-list-installedapps|userteamwork-get-installedapps|userscopeteamsappinstallation-get-cha,https://graphpermissions.merill.net/permission/TeamsAppInstallation.ReadWriteSelfForUser.All.html
TeamSettings.Read.All,False,False,Read teams' settings,20,,,team-get|team-get|user-list-joinedteams|user-list-joinedteams|user-list-joinedteams|user-list-joined,https://graphpermissions.merill.net/permission/TeamSettings.Read.All.html
TeamSettings.ReadWrite.All,False,False,Read and change teams' settings,24,,,team-get|team-get|user-list-joinedteams|user-list-joinedteams|user-list-joinedteams|user-list-joined,https://graphpermissions.merill.net/permission/TeamSettings.ReadWrite.All.html
TeamsPolicyUserAssign.ReadWrite.All,False,False,Read and Write Teams policy user assignment and unassigment for all policy types.,3,,,teamsadministration-teamspolicyassignment-getpolicyid|teamsadministration-teamspolicyassignment-getp,https://graphpermissions.merill.net/permission/TeamsPolicyUserAssign.ReadWrite.All.html
TeamsResourceAccount.Read.All,False,False,Read Teams resource accounts,0,,,,https://graphpermissions.merill.net/permission/TeamsResourceAccount.Read.All.html
TeamsTab.Create,False,False,Create tabs in Microsoft Teams.,3,,,chat-post-tabs|chat-post-tabs|channel-post-tabs|channel-post-tabs|chat-post-tabs|chat-post-tabs|chan,https://graphpermissions.merill.net/permission/TeamsTab.Create.html
TeamsTab.Read.All,False,False,Read tabs in Microsoft Teams.,5,,,channel-list-tabs|channel-list-tabs|chat-get-tabs|chat-get-tabs|channel-get-tabs|channel-get-tabs|ch,https://graphpermissions.merill.net/permission/TeamsTab.Read.All.html
TeamsTab.ReadWrite.All,False,False,Read and write tabs in Microsoft Teams.,12,,,channel-delete-tabs|channel-delete-tabs|chat-post-tabs|chat-post-tabs|chat-patch-tabs|chat-patch-tab,https://graphpermissions.merill.net/permission/TeamsTab.ReadWrite.All.html
TeamsTab.ReadWriteForChat.All,False,False,Allow the Teams app to manage all tabs for all chats,3,,,chat-post-tabs|chat-get-tabs|chat-list-tabs|chat-post-tabs|chat-get-tabs|chat-list-tabs|,https://graphpermissions.merill.net/permission/TeamsTab.ReadWriteForChat.All.html
TeamsTab.ReadWriteForTeam.All,False,False,Allow the Teams app to manage all tabs for all teams,7,,,channel-delete-tabs|channel-list-tabs|channel-post-tabs|channel-get-tabs|channel-patch-tabs|channel-,https://graphpermissions.merill.net/permission/TeamsTab.ReadWriteForTeam.All.html
TeamsTab.ReadWriteForUser.All,False,False,Allow the app to manage all tabs for all users,0,,,,https://graphpermissions.merill.net/permission/TeamsTab.ReadWriteForUser.All.html
TeamsTab.ReadWriteSelfForChat.All,False,False,Allow the Teams app to manage only its own tabs for all chats,5,,,chat-post-tabs|chat-patch-tabs|chat-get-tabs|chat-list-tabs|chat-delete-tabs|chat-post-tabs|chat-pat,https://graphpermissions.merill.net/permission/TeamsTab.ReadWriteSelfForChat.All.html
TeamsTab.ReadWriteSelfForTeam.All,False,False,Allow the Teams app to manage only its own tabs for all teams,7,,,channel-delete-tabs|channel-list-tabs|channel-post-tabs|channel-get-tabs|channel-patch-tabs|channel-,https://graphpermissions.merill.net/permission/TeamsTab.ReadWriteSelfForTeam.All.html
TeamsTab.ReadWriteSelfForUser.All,False,False,Allow the Teams app to manage only its own tabs for all users,0,,,,https://graphpermissions.merill.net/permission/TeamsTab.ReadWriteSelfForUser.All.html
TeamsTelephoneNumber.Read.All,False,False,Read Tenant-Acquired Telephone Number Details,3,,,teamsadministration-telephonenumberlongrunningoperation-get|teamsadministration-telephonenumberlongr,https://graphpermissions.merill.net/permission/TeamsTelephoneNumber.Read.All.html
TeamsTelephoneNumber.ReadWrite.All,False,False,Read and Modify Tenant-Acquired Telephone Number Details,6,,,teamsadministration-numberassignment-unassignnumber|teamsadministration-numberassignment-unassignnum,https://graphpermissions.merill.net/permission/TeamsTelephoneNumber.ReadWrite.All.html
TeamsUserConfiguration.Read.All,False,False,Read Teams user configurations,2,,,teamsadministration-teamsuserconfiguration-get|teamsadministration-teamsuserconfiguration-get|teamsa,https://graphpermissions.merill.net/permission/TeamsUserConfiguration.Read.All.html
TeamTemplates.Read.All,False,False,Read all available Teams Templates,4,,,teamtemplatedefinition-get-teamdefinition|teamtemplate-list-definitions|teamtemplatedefinition-get|t,https://graphpermissions.merill.net/permission/TeamTemplates.Read.All.html
Teamwork.Migrate.All,False,False,Create chat and channel messages with anyone's identity and with any timestamp,19,,,channel-completemigration|channel-post-messagereply|chat-post-messages|team-post|chat-completemigrat,https://graphpermissions.merill.net/permission/Teamwork.Migrate.All.html
Teamwork.Read.All,False,False,Read organizational teamwork settings,1,,,teamwork-get|teamwork-get|teamwork-get|teamwork-get|,https://graphpermissions.merill.net/permission/Teamwork.Read.All.html
TeamworkAppSettings.Read.All,False,False,Read Teams app settings,1,,,teamsappsettings-get|teamsappsettings-get|,https://graphpermissions.merill.net/permission/TeamworkAppSettings.Read.All.html
TeamworkAppSettings.ReadWrite.All,False,False,Read and write Teams app settings,2,,,teamsappsettings-get|teamsappsettings-update|teamsappsettings-get|teamsappsettings-update|,https://graphpermissions.merill.net/permission/TeamworkAppSettings.ReadWrite.All.html
TeamworkCustomEmoji.Create.All,False,False,Create custom emoji,1,,,teamworkmessaging-post-customemojis|,https://graphpermissions.merill.net/permission/TeamworkCustomEmoji.Create.All.html
TeamworkCustomEmoji.Read.All,False,False,Read custom emoji,1,,,teamworkmessaging-list-customemojis|,https://graphpermissions.merill.net/permission/TeamworkCustomEmoji.Read.All.html
TeamworkDevice.Read.All,False,False,Read Teams devices,7,,,teamworkdeviceactivity-get|teamworkdeviceactivity-get|teamworkdevice-get|teamworkdevice-get|teamwork,https://graphpermissions.merill.net/permission/TeamworkDevice.Read.All.html
TeamworkDevice.ReadWrite.All,False,False,Read and write Teams devices,10,,,teamworkdevice-rundiagnostics|teamworkdevice-rundiagnostics|teamworkdevice-updatesoftware|teamworkde,https://graphpermissions.merill.net/permission/TeamworkDevice.ReadWrite.All.html
TeamworkSection.Read.All,False,False,Read all users' sections,3,,,userteamwork-list-sections|teamworksection-get|teamworksection-list-items|,https://graphpermissions.merill.net/permission/TeamworkSection.Read.All.html
TeamworkSection.ReadWrite.All,False,False,Read and write all users' sections,9,,,teamworksection-delete|teamworksectionitem-move|userteamwork-post-sections|teamworksectionitem-delet,https://graphpermissions.merill.net/permission/TeamworkSection.ReadWrite.All.html
TeamworkTag.Read.All,False,False,Read tags in Teams,8,,,teamworktagmember-list|teamworktag-get|teamworktag-list|teamworktagmember-get|teamworktagmember-list,https://graphpermissions.merill.net/permission/TeamworkTag.Read.All.html
TeamworkTag.ReadWrite.All,False,False,Read and write tags in Teams,18,,,teamworktag-delete|teamworktagmember-list|teamworktag-post|teamworktagmember-post|teamworktagmember-,https://graphpermissions.merill.net/permission/TeamworkTag.ReadWrite.All.html
TeamworkTargetedMessage.Read.All,False,False,Read all targeted messages of group chat or channel,2,,,userteamwork-getalltargetedmessages|userteamwork-getallretainedtargetedmessages|,https://graphpermissions.merill.net/permission/TeamworkTargetedMessage.Read.All.html
TenantGovernance-Invitation.Read.All,False,False,Read Tenant Governance invitations,2,,,tenantgovernanceservices-governanceinvitation-get|tenantgovernanceservices-governanceinvitation-get|,https://graphpermissions.merill.net/permission/TenantGovernance-Invitation.Read.All.html
TenantGovernance-PolicyTemplate.Read.All,False,False,Read Tenant Governance policy templates,3,,,tenantgovernanceservices-governancepolicytemplate-get|tenantgovernanceservices-governancepolicytempl,https://graphpermissions.merill.net/permission/TenantGovernance-PolicyTemplate.Read.All.html
TenantGovernance-RelatedTenant.Read.All,False,False,Read related tenants,3,,,tenantgovernanceservices-list-relatedtenants|tenantgovernanceservices-list-relatedtenants|tenantgove,https://graphpermissions.merill.net/permission/TenantGovernance-RelatedTenant.Read.All.html
TenantGovernance-Relationship.Read.All,False,False,Read Tenant Governance relationships,2,,,tenantgovernanceservices-list-governancerelationships|tenantgovernanceservices-list-governancerelati,https://graphpermissions.merill.net/permission/TenantGovernance-Relationship.Read.All.html
TenantGovernance-Request.Read.All,False,False,Read Tenant Governance requests,2,,,tenantgovernanceservices-list-governancerequests|tenantgovernanceservices-list-governancerequests|te,https://graphpermissions.merill.net/permission/TenantGovernance-Request.Read.All.html
TenantGovernance-Setting.Read.All,False,False,Read Tenant Governance settings,1,,,tenantgovernanceservices-tenantgovernancesetting-get|tenantgovernanceservices-tenantgovernancesettin,https://graphpermissions.merill.net/permission/TenantGovernance-Setting.Read.All.html
TermStore.Read.All,False,False,Read term store data,22,,,termstore-term-get|termstore-term-get|termstore-store-get|termstore-list-groups|termstore-group-get|,https://graphpermissions.merill.net/permission/TermStore.Read.All.html
TermStore.ReadWrite.All,False,False,Read and write term store data,44,,,termstore-set-post|termstore-relation-post|termstore-term-get|termstore-term-get|termstore-store-get,https://graphpermissions.merill.net/permission/TermStore.ReadWrite.All.html
ThreatAssessment.Read.All,False,False,Read threat assessment requests,2,,,threatassessmentrequest-get|informationprotection-list-threatassessmentrequests|threatassessmentrequ,https://graphpermissions.merill.net/permission/ThreatAssessment.Read.All.html
ThreatHunting.Read.All,False,False,Run hunting queries,2,,,security-security-runhuntingquery|security-security-runhuntingquery|security-security-getrunhuntingq,https://graphpermissions.merill.net/permission/ThreatHunting.Read.All.html
ThreatIndicators.Read.All,False,False,Read all threat indicators,0,,,,https://graphpermissions.merill.net/permission/ThreatIndicators.Read.All.html
ThreatIndicators.ReadWrite.OwnedBy,False,False,Manage threat indicators this app creates or owns,9,,,tiindicator-submittiindicators|tiindicator-submittiindicators|tiindicator-delete|tiindicator-delete|,https://graphpermissions.merill.net/permission/ThreatIndicators.ReadWrite.OwnedBy.html
ThreatIntelligence.Read.All,False,False,Read all threat intelligence information,42,,,security-vulnerability-list-components|security-vulnerability-list-components|security-hostport-get|,https://graphpermissions.merill.net/permission/ThreatIntelligence.Read.All.html
ThreatSubmission.Read.All,False,False,Read all threat submissions,8,,,security-filethreatsubmission-list|security-filethreatsubmission-list|security-emailthreatsubmission,https://graphpermissions.merill.net/permission/ThreatSubmission.Read.All.html
ThreatSubmission.ReadWrite.All,False,False,Read and write all threat submissions,12,,,security-filethreatsubmission-list|security-filethreatsubmission-list|security-emailthreatsubmission,https://graphpermissions.merill.net/permission/ThreatSubmission.ReadWrite.All.html
ThreatSubmissionPolicy.ReadWrite.All,False,False,Read and write all threat submission policies,5,,,security-emailthreatsubmissionpolicy-update|security-emailthreatsubmissionpolicy-update|security-ema,https://graphpermissions.merill.net/permission/ThreatSubmissionPolicy.ReadWrite.All.html
TrustFrameworkKeySet.Read.All,False,False,Read trust framework key sets,3,,,trustframework-list-keysets|trustframework-list-keysets|trustframeworkkeyset-get|trustframeworkkeyse,https://graphpermissions.merill.net/permission/TrustFrameworkKeySet.Read.All.html
TrustFrameworkKeySet.ReadWrite.All,False,False,Read and write trust framework key sets,12,,,trustframework-post-keysets|trustframework-post-keysets|trustframework-list-keysets|trustframework-l,https://graphpermissions.merill.net/permission/TrustFrameworkKeySet.ReadWrite.All.html
User-ConvertToInternal.ReadWrite.All,False,False,Convert an external user to internal memeber user,1,,,user-convertexternaltointernalmemberuser|user-convertexternaltointernalmemberuser|,https://graphpermissions.merill.net/permission/User-ConvertToInternal.ReadWrite.All.html
User-LifeCycleInfo.Read.All,False,False,Read all users' lifecycle information,0,,,,https://graphpermissions.merill.net/permission/User-LifeCycleInfo.Read.All.html
User-LifeCycleInfo.ReadWrite.All,False,False,Read and write all users' lifecycle information,0,,,,https://graphpermissions.merill.net/permission/User-LifeCycleInfo.ReadWrite.All.html
User-Mail.ReadWrite.All,False,False,Read and write secondary mail addresses for users,0,,,,https://graphpermissions.merill.net/permission/User-Mail.ReadWrite.All.html
User-OnPremisesSyncBehavior.ReadWrite.All,False,False,Read and update the on-premises sync behavior of users,6,,,onpremisessyncbehavior-get|onpremisessyncbehavior-get|onpremisessyncbehavior-get|onpremisessyncbehav,https://graphpermissions.merill.net/permission/User-OnPremisesSyncBehavior.ReadWrite.All.html
User-PasswordProfile.ReadWrite.All,False,False,Read and write password profiles and reset user passwords,1,,,user-changepassword|user-changepassword|,https://graphpermissions.merill.net/permission/User-PasswordProfile.ReadWrite.All.html
User-Phone.ReadWrite.All,False,False,Read and write user mobile phone and business phones,0,,,,https://graphpermissions.merill.net/permission/User-Phone.ReadWrite.All.html
User.Create,False,False,Create users,1,,,user-post-users|user-post-users|user-post-users|user-post-users|,https://graphpermissions.merill.net/permission/User.Create.html
User.DeleteRestore.All,False,False,Delete and restore users,3,,,directory-deleteditems-delete|directory-deleteditems-delete|directory-deleteditems-restore|directory,https://graphpermissions.merill.net/permission/User.DeleteRestore.All.html
User.EnableDisableAccount.All,False,False,Enable and disable user accounts,1,,,user-retryserviceprovisioning|user-retryserviceprovisioning|user-retryserviceprovisioning|user-retry,https://graphpermissions.merill.net/permission/User.EnableDisableAccount.All.html
User.Export.All,False,False,Export user's data,2,,,datapolicyoperation-get|datapolicyoperation-get|user-exportpersonaldata|user-exportpersonaldata|data,https://graphpermissions.merill.net/permission/User.Export.All.html
User.Invite.All,False,False,Invite guest users to the organization,1,,,invitation-post|invitation-post|invitation-post|invitation-post|,https://graphpermissions.merill.net/permission/User.Invite.All.html
User.ManageIdentities.All,False,False,Manage  user identities,1,,,user-retryserviceprovisioning|user-retryserviceprovisioning|user-retryserviceprovisioning|user-retry,https://graphpermissions.merill.net/permission/User.ManageIdentities.All.html
User.Read.All,False,False,Read all users' full profiles,251,,,directoryobject-checkmembergroups|directoryobject-checkmembergroups|directoryobject-checkmembergroup,https://graphpermissions.merill.net/permission/User.Read.All.html
User.ReadBasic.All,False,False,Read all users' basic profiles,130,,,directoryobject-checkmembergroups|directoryobject-checkmembergroups|directoryobject-checkmembergroup,https://graphpermissions.merill.net/permission/User.ReadBasic.All.html
User.ReadUpdate.All,False,False,Read and update users,1,,,user-update|user-update|user-update|user-update|,https://graphpermissions.merill.net/permission/User.ReadUpdate.All.html
User.ReadWrite.All,False,False,Read and write all users' full profiles,393,,,agentuser-delete-manager|agentuser-delete-manager|user-get|user-get|user-get|user-get|opentypeextens,https://graphpermissions.merill.net/permission/User.ReadWrite.All.html
User.ReadWrite.CrossCloud,False,False,Read and write profiles of users that originate from an external cloud.,1,,,agentuser-list|agentuser-list|,https://graphpermissions.merill.net/permission/User.ReadWrite.CrossCloud.html
User.RevokeSessions.All,False,False,Revoke all sign in sessions for a user,4,,,user-revokesigninsessions|user-revokesigninsessions|user-revokesigninsessions|user-revokesigninsessi,https://graphpermissions.merill.net/permission/User.RevokeSessions.All.html
UserAuthenticationMethod.Delete.All,False,False,Delete all users' authentication methods,0,,,,https://graphpermissions.merill.net/permission/UserAuthenticationMethod.Delete.All.html
UserAuthenticationMethod.Read.All,False,False,Read all users' authentication methods,35,,,phoneauthenticationmethod-get|phoneauthenticationmethod-get|authentication-list-softwareoathmethods|,https://graphpermissions.merill.net/permission/UserAuthenticationMethod.Read.All.html
UserAuthenticationMethod.ReadWrite.All,False,False,Read and write all users' authentication methods,75,,,phoneauthenticationmethod-get|phoneauthenticationmethod-get|qrcode-delete|qrcode-delete|qrcode-delet,https://graphpermissions.merill.net/permission/UserAuthenticationMethod.ReadWrite.All.html
UserAuthMethod-Email.Delete.All,False,False,Delete all users' email methods,0,,,,https://graphpermissions.merill.net/permission/UserAuthMethod-Email.Delete.All.html
UserAuthMethod-Email.Read.All,False,False,Read all users' email methods,2,,,emailauthenticationmethod-get|emailauthenticationmethod-get|authentication-list-emailmethods|authent,https://graphpermissions.merill.net/permission/UserAuthMethod-Email.Read.All.html
UserAuthMethod-Email.ReadWrite.All,False,False,Read and write all users' email methods.,5,,,emailauthenticationmethod-update|emailauthenticationmethod-update|emailauthenticationmethod-delete|e,https://graphpermissions.merill.net/permission/UserAuthMethod-Email.ReadWrite.All.html
UserAuthMethod-External.Delete.All,False,False,Delete all users' external authentication methods,0,,,,https://graphpermissions.merill.net/permission/UserAuthMethod-External.Delete.All.html
UserAuthMethod-External.Read.All,False,False,Read all users' external authentication methods,2,,,authentication-list-externalauthenticationmethods|authentication-list-externalauthenticationmethods|,https://graphpermissions.merill.net/permission/UserAuthMethod-External.Read.All.html
UserAuthMethod-External.ReadWrite.All,False,False,Read and write all users' external methods.,4,,,authentication-list-externalauthenticationmethods|authentication-list-externalauthenticationmethods|,https://graphpermissions.merill.net/permission/UserAuthMethod-External.ReadWrite.All.html
UserAuthMethod-HardwareOATH.Delete.All,False,False,Delete all users' HardwareOATH authentication methods,0,,,,https://graphpermissions.merill.net/permission/UserAuthMethod-HardwareOATH.Delete.All.html
UserAuthMethod-HardwareOATH.Read.All,False,False,Read all users' HardwareOATH authentication methods,0,,,,https://graphpermissions.merill.net/permission/UserAuthMethod-HardwareOATH.Read.All.html
UserAuthMethod-HardwareOATH.ReadWrite.All,False,False,Read and write all users' HardwareOATH methods.,0,,,,https://graphpermissions.merill.net/permission/UserAuthMethod-HardwareOATH.ReadWrite.All.html
UserAuthMethod-MicrosoftAuthApp.Delete.All,False,False,Delete all users' Microsoft Authentication methods,0,,,,https://graphpermissions.merill.net/permission/UserAuthMethod-MicrosoftAuthApp.Delete.All.html
UserAuthMethod-MicrosoftAuthApp.Read.All,False,False,Read all users' Microsoft authentication methods,4,,,microsoftauthenticatorauthenticationmethod-list|microsoftauthenticatorauthenticationmethod-list|micr,https://graphpermissions.merill.net/permission/UserAuthMethod-MicrosoftAuthApp.Read.All.html
UserAuthMethod-MicrosoftAuthApp.ReadWrite.All,False,False,Read and write all users' Microsoft Authentication methods.,6,,,microsoftauthenticatorauthenticationmethod-list|microsoftauthenticatorauthenticationmethod-list|micr,https://graphpermissions.merill.net/permission/UserAuthMethod-MicrosoftAuthApp.ReadWrite.All.html
UserAuthMethod-Passkey.Delete.All,False,False,Delete all users' passkey authentication methods,0,,,,https://graphpermissions.merill.net/permission/UserAuthMethod-Passkey.Delete.All.html
UserAuthMethod-Passkey.Read.All,False,False,Read all users' passkey authentication methods,2,,,fido2authenticationmethod-get|fido2authenticationmethod-get|fido2authenticationmethod-list|fido2auth,https://graphpermissions.merill.net/permission/UserAuthMethod-Passkey.Read.All.html
UserAuthMethod-Passkey.ReadWrite.All,False,False,Read and write all users' passkey methods.,5,,,fido2authenticationmethod-delete|fido2authenticationmethod-delete|authentication-post-fido2methods|a,https://graphpermissions.merill.net/permission/UserAuthMethod-Passkey.ReadWrite.All.html
UserAuthMethod-Password.Read.All,False,False,Read all users' password authentication methods,2,,,authentication-list-passwordmethods|authentication-list-passwordmethods|passwordauthenticationmethod,https://graphpermissions.merill.net/permission/UserAuthMethod-Password.Read.All.html
UserAuthMethod-Password.ReadWrite.All,False,False,Read and write all users' password methods.,2,,,authentication-list-passwordmethods|authentication-list-passwordmethods|passwordauthenticationmethod,https://graphpermissions.merill.net/permission/UserAuthMethod-Password.ReadWrite.All.html
UserAuthMethod-Phone.Delete.All,False,False,Delete all users' phone methods,0,,,,https://graphpermissions.merill.net/permission/UserAuthMethod-Phone.Delete.All.html
UserAuthMethod-Phone.Read.All,False,False,Read all users' phone authentication methods,2,,,phoneauthenticationmethod-get|phoneauthenticationmethod-get|authentication-list-phonemethods|authent,https://graphpermissions.merill.net/permission/UserAuthMethod-Phone.Read.All.html
UserAuthMethod-Phone.ReadWrite.All,False,False,Read and write all users' phone methods.,7,,,phoneauthenticationmethod-get|phoneauthenticationmethod-get|phoneauthenticationmethod-delete|phoneau,https://graphpermissions.merill.net/permission/UserAuthMethod-Phone.ReadWrite.All.html
UserAuthMethod-PlatformCred.Delete.All,False,False,Delete all users' platform credentials methods,0,,,,https://graphpermissions.merill.net/permission/UserAuthMethod-PlatformCred.Delete.All.html
UserAuthMethod-PlatformCred.Read.All,False,False,Read all users' platform credentials methods,2,,,platformcredentialauthenticationmethod-list|platformcredentialauthenticationmethod-list|platformcred,https://graphpermissions.merill.net/permission/UserAuthMethod-PlatformCred.Read.All.html
UserAuthMethod-PlatformCred.ReadWrite.All,False,False,Read and write all users' platform credentials methods.,3,,,platformcredentialauthenticationmethod-delete|platformcredentialauthenticationmethod-delete|platform,https://graphpermissions.merill.net/permission/UserAuthMethod-PlatformCred.ReadWrite.All.html
UserAuthMethod-QR.Delete.All,False,False,Delete all users' QR authentication methods,0,,,,https://graphpermissions.merill.net/permission/UserAuthMethod-QR.Delete.All.html
UserAuthMethod-QR.Read.All,False,False,Read all users' QR methods,4,,,qrcode-get|qrcode-get|qrcode-get|qrcode-get|qrcodepinauthenticationmethod-get|qrcodepinauthenticatio,https://graphpermissions.merill.net/permission/UserAuthMethod-QR.Read.All.html
UserAuthMethod-QR.ReadWrite.All,False,False,Read and write all users' QR methods.,12,,,qrcode-delete|qrcode-delete|qrcode-delete|qrcode-delete|qrcode-update|qrcode-update|qrcode-update|qr,https://graphpermissions.merill.net/permission/UserAuthMethod-QR.ReadWrite.All.html
UserAuthMethod-ResourceKey.Delete.All,False,False,Delete all users' resource key authentication methods,0,,,,https://graphpermissions.merill.net/permission/UserAuthMethod-ResourceKey.Delete.All.html
UserAuthMethod-ResourceKey.Read.All,False,False,Read the keys associated with the user representing a resource account.,2,,,authentication-list-resourceaccountkeyauthenticationmethods|authentication-list-resourceaccountkeyau,https://graphpermissions.merill.net/permission/UserAuthMethod-ResourceKey.Read.All.html
UserAuthMethod-ResourceKey.ReadWrite.All,False,False,Read and delete the keys associated with the user representing a resource account.,3,,,authentication-list-resourceaccountkeyauthenticationmethods|authentication-list-resourceaccountkeyau,https://graphpermissions.merill.net/permission/UserAuthMethod-ResourceKey.ReadWrite.All.html
UserAuthMethod-SoftwareOATH.Delete.All,False,False,Delete all users' SoftwareOATH authentication methods,0,,,,https://graphpermissions.merill.net/permission/UserAuthMethod-SoftwareOATH.Delete.All.html
UserAuthMethod-SoftwareOATH.Read.All,False,False,Read all users' SoftwareOATH methods,2,,,authentication-list-softwareoathmethods|authentication-list-softwareoathmethods|softwareoathauthenti,https://graphpermissions.merill.net/permission/UserAuthMethod-SoftwareOATH.Read.All.html
UserAuthMethod-SoftwareOATH.ReadWrite.All,False,False,Read and write all users' SoftwareOATH methods.,3,,,authentication-list-softwareoathmethods|authentication-list-softwareoathmethods|softwareoathauthenti,https://graphpermissions.merill.net/permission/UserAuthMethod-SoftwareOATH.ReadWrite.All.html
UserAuthMethod-TAP.Delete.All,False,False,Delete all users' Temporary Access Pass authentication methods,0,,,,https://graphpermissions.merill.net/permission/UserAuthMethod-TAP.Delete.All.html
UserAuthMethod-TAP.Read.All,False,False,Read all users' Temporary Access Pass methods,3,,,authentication-post-temporaryaccesspassmethods|authentication-post-temporaryaccesspassmethods|tempor,https://graphpermissions.merill.net/permission/UserAuthMethod-TAP.Read.All.html
UserAuthMethod-TAP.ReadWrite.All,False,False,Read and write all users' Temporary Access Pass methods.,4,,,authentication-post-temporaryaccesspassmethods|authentication-post-temporaryaccesspassmethods|tempor,https://graphpermissions.merill.net/permission/UserAuthMethod-TAP.ReadWrite.All.html
UserAuthMethod-WindowsHello.Delete.All,False,False,Delete all users' Windows Hello authentication methods,0,,,,https://graphpermissions.merill.net/permission/UserAuthMethod-WindowsHello.Delete.All.html
UserAuthMethod-WindowsHello.Read.All,False,False,Read all users' Windows Hello methods,2,,,windowshelloforbusinessauthenticationmethod-get|windowshelloforbusinessauthenticationmethod-get|wind,https://graphpermissions.merill.net/permission/UserAuthMethod-WindowsHello.Read.All.html
UserAuthMethod-WindowsHello.ReadWrite.All,False,False,Read and write all users' Windows Hello methods.,3,,,windowshelloforbusinessauthenticationmethod-get|windowshelloforbusinessauthenticationmethod-get|wind,https://graphpermissions.merill.net/permission/UserAuthMethod-WindowsHello.ReadWrite.All.html
UserNotification.ReadWrite.CreatedByApp,False,False,Deliver and manage user's notifications,0,,,,https://graphpermissions.merill.net/permission/UserNotification.ReadWrite.CreatedByApp.html
UserShiftPreferences.Read.All,False,False,Read all user shift preferences,1,,,shiftpreferences-get|shiftpreferences-get|,https://graphpermissions.merill.net/permission/UserShiftPreferences.Read.All.html
UserShiftPreferences.ReadWrite.All,False,False,Read and write all user shift preferences,2,,,shiftpreferences-put|shiftpreferences-get|shiftpreferences-get|,https://graphpermissions.merill.net/permission/UserShiftPreferences.ReadWrite.All.html
UserTeamwork.Read.All,False,False,Read all user teamwork settings,1,,,userteamwork-get|userteamwork-get|,https://graphpermissions.merill.net/permission/UserTeamwork.Read.All.html
VerifiedId-Profile.Read.All,False,False,Read Verified Id profiles,2,,,verifiedidprofile-get|verifiedidprofile-get|identityverifiedidroot-list-profiles|identityverifiedidr,https://graphpermissions.merill.net/permission/VerifiedId-Profile.Read.All.html
VirtualAppointment.Read.All,False,False,"Read all virtual appointments for users, as authorized by online meetings application access policy",0,,,,https://graphpermissions.merill.net/permission/VirtualAppointment.Read.All.html
VirtualAppointment.ReadWrite.All,False,False,"Read-write all virtual appointments for users, as authorized by online meetings app access policy",0,,,,https://graphpermissions.merill.net/permission/VirtualAppointment.ReadWrite.All.html
VirtualAppointmentNotification.Send,False,False,Send notification regarding virtual appointments for the signed-in user,4,,,virtualappointment-sendvirtualappointmentsms|virtualappointment-sendvirtualappointmentsms|virtualapp,https://graphpermissions.merill.net/permission/VirtualAppointmentNotification.Send.html
VirtualEvent.Read.All,False,False,Read all users' virtual events,22,,,virtualeventtownhallregistrationconfiguration-get|virtualeventwebinarregistrationconfiguration-get|v,https://graphpermissions.merill.net/permission/VirtualEvent.Read.All.html
VirtualEventRegistration-Anon.ReadWrite.All,False,False,Read and write anonymous users' virtual event registrations,2,,,virtualeventregistration-get|virtualeventwebinar-post-registrations|virtualeventregistration-get|vir,https://graphpermissions.merill.net/permission/VirtualEventRegistration-Anon.ReadWrite.All.html
WindowsUpdates.Read.All,False,False,Read all Windows update deployment settings,32,,,windowsupdates-updatepolicy-get|windowsupdates-updatepolicy-get|windowsupdates-deploymentaudience-li,https://graphpermissions.merill.net/permission/WindowsUpdates.Read.All.html
WindowsUpdates.ReadWrite.All,False,False,Read and write all Windows update deployment settings,70,,,windowsupdates-updatepolicy-get|windowsupdates-updatepolicy-get|windowsupdates-updatepolicy-update|w,https://graphpermissions.merill.net/permission/WindowsUpdates.ReadWrite.All.html
WorkforceIntegration.Read.All,False,False,Read workforce integrations,2,,,workforceintegration-list|workforceintegration-list|workforceintegration-get|workforceintegration-ge,https://graphpermissions.merill.net/permission/WorkforceIntegration.Read.All.html
WorkforceIntegration.ReadWrite.All,False,False,Read and write workforce integrations,5,,,workforceintegration-delete|workforceintegration-delete|workforceintegration-post|workforceintegrati,https://graphpermissions.merill.net/permission/WorkforceIntegration.ReadWrite.All.html
AgentCollection.Read.Global,False,False,Read global collection in Agent Registry,1,,,agentcollection-get|,https://graphpermissions.merill.net/permission/AgentCollection.Read.Global.html
AgentCollection.Read.Quarantined,False,False,Read quarantined collection in Agent Registry,1,,,agentcollection-get|,https://graphpermissions.merill.net/permission/AgentCollection.Read.Quarantined.html
AgentCollection.ReadWrite.Global,False,False,Read and write global collection in Agent Registry,2,,,agentcollection-get|agentcollection-update|,https://graphpermissions.merill.net/permission/AgentCollection.ReadWrite.Global.html
AgentCollection.ReadWrite.Quarantined,False,False,Read and write quarantined collection in Agent Registry,2,,,agentcollection-get|agentcollection-update|,https://graphpermissions.merill.net/permission/AgentCollection.ReadWrite.Quarantined.html
AgentCommunicationConfiguration.Read,False,False,Read agent communication configuration,0,,,,https://graphpermissions.merill.net/permission/AgentCommunicationConfiguration.Read.html
AgentCommunicationConfiguration.ReadWrite,False,False,Read and write agent communication configuration,0,,,,https://graphpermissions.merill.net/permission/AgentCommunicationConfiguration.ReadWrite.html
AgreementAcceptance.Read,False,False,Read user terms of use acceptance statuses,3,,,agreement-list-acceptances|user-list-agreementacceptances|user-list-agreementacceptances|agreement-l,https://graphpermissions.merill.net/permission/AgreementAcceptance.Read.html
AiEnterpriseInteraction.Read,False,False,Read user AI enterprise interactions.,7,,,subscription-delete|subscription-list|subscription-update|subscription-post-subscriptions|subscripti,https://graphpermissions.merill.net/permission/AiEnterpriseInteraction.Read.html
Analytics.Read,False,False,Read user activity statistics,2,,,activitystatistics-list|activitystatistics-list|,https://graphpermissions.merill.net/permission/Analytics.Read.html
AppCatalog.Submit,False,False,Submit application packages to the catalog and cancel pending submissions,10,,,teamworkbot-get|teamsapp-delete|teamsapp-publish|appcatalogs-list-teamsapps|teamsapp-update|teamwork,https://graphpermissions.merill.net/permission/AppCatalog.Submit.html
AppCertTrustConfiguration.Read.All,False,False,Read the trusted certificate authority configuration for applications,4,,,certificateauthorityasentity-get|certificateauthorityasentity-get|certificatebasedapplicationconfigu,https://graphpermissions.merill.net/permission/AppCertTrustConfiguration.Read.All.html
AppCertTrustConfiguration.ReadWrite.All,False,False,Read and write the trusted certificate authority configuration for applications,10,,,certificatebasedapplicationconfiguration-post-trustedcertificateauthorities|certificatebasedapplicat,https://graphpermissions.merill.net/permission/AppCertTrustConfiguration.ReadWrite.All.html
ApprovalSolution.Read,False,False,Read approvals,9,,,approvalitemrequest-get|approvaloperation-get|approvalitem-get|approvalsolution-get|approvalitem-lis,https://graphpermissions.merill.net/permission/ApprovalSolution.Read.html
ApprovalSolution.ReadWrite,False,False,"Read, create, and respond to approvals",12,,,approvalitemrequest-get|approvaloperation-get|approvalitem-get|approvalsolution-get|approvalitem-lis,https://graphpermissions.merill.net/permission/ApprovalSolution.ReadWrite.html
ApprovalSolutionResponse.ReadWrite,False,False,Read and respond to approvals assigned to the current user,10,,,approvalitemrequest-get|approvaloperation-get|approvalitem-get|approvalsolution-get|approvalitem-lis,https://graphpermissions.merill.net/permission/ApprovalSolutionResponse.ReadWrite.html
BusinessScenarioConfig.Read.All,False,False,Read business scenario configurations,6,,,solutionsroot-list-businessscenarios|plannertaskconfiguration-get|businessscenario-get|plannerplanco,https://graphpermissions.merill.net/permission/BusinessScenarioConfig.Read.All.html
BusinessScenarioConfig.ReadWrite.All,False,False,Read and write business scenario configurations,11,,,solutionsroot-post-businessscenarios|solutionsroot-list-businessscenarios|plannertaskconfiguration-g,https://graphpermissions.merill.net/permission/BusinessScenarioConfig.ReadWrite.All.html
Calendars.Read.Shared,False,False,Read user and shared calendars,4,,,user-findmeetingtimes|user-findmeetingtimes|user-list-calendars|user-list-calendars|calendargroup-li,https://graphpermissions.merill.net/permission/Calendars.Read.Shared.html
Calendars.ReadBasic,False,False,Read basic details of user calendars,41,,,group-list-calendarview|group-list-calendarview|calendargroup-get|calendargroup-get|calendargroup-ge,https://graphpermissions.merill.net/permission/Calendars.ReadBasic.html
Calendars.ReadWrite.Shared,False,False,Read and write user and shared calendars,2,,,user-findmeetingtimes|user-findmeetingtimes|user-findmeetingtimes|user-findmeetingtimes|,https://graphpermissions.merill.net/permission/Calendars.ReadWrite.Shared.html
CallDelegation.Read,False,False,Read delegation settings,6,,,callsettings-list-delegators|callsettings-list-delegators|delegationsettings-get|delegationsettings-,https://graphpermissions.merill.net/permission/CallDelegation.Read.html
CallDelegation.ReadWrite,False,False,Read and write delegation settings,6,,,callsettings-list-delegators|callsettings-list-delegators|delegationsettings-get|delegationsettings-,https://graphpermissions.merill.net/permission/CallDelegation.ReadWrite.html
CallEvents.Read,False,False,Read call event data,0,,,,https://graphpermissions.merill.net/permission/CallEvents.Read.html
ChannelMessage.Edit,False,False,Edit user's channel messages,0,,,,https://graphpermissions.merill.net/permission/ChannelMessage.Edit.html
ChannelMessage.ReadWrite,False,False,Read and write user channel messages,6,,,chatmessage-softdelete|chatmessage-softdelete|chatmessage-undosoftdelete|chatmessage-undosoftdelete|,https://graphpermissions.merill.net/permission/ChannelMessage.ReadWrite.html
ChannelMessage.Send,False,False,Send channel messages,6,,,channel-post-messagereply|chatmessage-unsetreaction|chatmessage-unsetreaction|chatmessage-post-repli,https://graphpermissions.merill.net/permission/ChannelMessage.Send.html
Chat.Read,False,False,Read user chat messages,31,,,chat-get-members|chat-get-members|chat-list-messages|chat-list-messages|chat-list-messages|chatmessa,https://graphpermissions.merill.net/permission/Chat.Read.html
Chat.ReadBasic,False,False,Read names and members of user chat threads,20,,,chat-get-members|chat-get-members|subscription-delete|subscription-delete|subscription-delete|subscr,https://graphpermissions.merill.net/permission/Chat.ReadBasic.html
Chat.ReadWrite,False,False,Read and write user chat messages,50,,,chat-unhideforuser|chat-get-members|chat-get-members|chat-list-messages|chat-list-messages|chat-list,https://graphpermissions.merill.net/permission/Chat.ReadWrite.html
ChatMember.Read,False,False,Read the members of chats,12,,,chat-get-members|chat-get-members|subscription-delete|subscription-list|subscription-update|subscrip,https://graphpermissions.merill.net/permission/ChatMember.Read.html
ChatMember.ReadWrite,False,False,Add and remove members from chats,14,,,chat-get-members|chat-get-members|chat-delete-members|chat-post-members|subscription-delete|subscrip,https://graphpermissions.merill.net/permission/ChatMember.ReadWrite.html
ChatMessage.Read,False,False,Read user chat messages,0,,,,https://graphpermissions.merill.net/permission/ChatMessage.Read.html
ChatMessage.Send,False,False,Send user chat messages,8,,,chat-post-messages|chatmessage-replywithquote|chatmessage-unsetreaction|chatmessage-unsetreaction|ch,https://graphpermissions.merill.net/permission/ChatMessage.Send.html
ConsentRequest.Create,False,False,Create consent requests,0,,,,https://graphpermissions.merill.net/permission/ConsentRequest.Create.html
ConsentRequest.Read,False,False,Read consent requests created by the user,0,,,,https://graphpermissions.merill.net/permission/ConsentRequest.Read.html
ConsentRequest.ReadApprove.All,False,False,Read and approve consent requests,0,,,,https://graphpermissions.merill.net/permission/ConsentRequest.ReadApprove.All.html
Contacts.Read.Shared,False,False,Read user and shared contacts,0,,,,https://graphpermissions.merill.net/permission/Contacts.Read.Shared.html
Contacts.ReadWrite.Shared,False,False,Read and write user and shared contacts,0,,,,https://graphpermissions.merill.net/permission/Contacts.ReadWrite.Shared.html
CopilotConversation.Delete,False,False,Delete Microsoft 365 Copilot conversations,0,,,,https://graphpermissions.merill.net/permission/CopilotConversation.Delete.html
CopilotSettings-LimitedMode.Read,False,False,Read organization-wide copilot limited mode setting,0,,,,https://graphpermissions.merill.net/permission/CopilotSettings-LimitedMode.Read.html
CopilotSettings-LimitedMode.ReadWrite,False,False,Read and write organization-wide copilot limited mode setting,0,,,,https://graphpermissions.merill.net/permission/CopilotSettings-LimitedMode.ReadWrite.html
CrossTenantUserProfileSharing.Read,False,False,Read shared cross-tenant user profile and export data,4,,,inboundshareduserprofile-get|outboundshareduserprofile-get|directory-list-outboundshareduserprofiles,https://graphpermissions.merill.net/permission/CrossTenantUserProfileSharing.Read.html
CrossTenantUserProfileSharing.ReadWrite,False,False,Read shared cross-tenant user profile and export or delete data,6,,,inboundshareduserprofile-get|inboundshareduserprofile-removepersonaldata|tenantreference-removeperso,https://graphpermissions.merill.net/permission/CrossTenantUserProfileSharing.ReadWrite.html
Device.Command,False,False,Communicate with user devices,0,,,,https://graphpermissions.merill.net/permission/Device.Command.html
Device.CreateFromOwnedTemplate,False,False,Create devices based on owned device templates,1,,,devicetemplate-createdevicefromtemplate|,https://graphpermissions.merill.net/permission/Device.CreateFromOwnedTemplate.html
Device.Read,False,False,Read user devices,0,,,,https://graphpermissions.merill.net/permission/Device.Read.html
Directory.AccessAsUser.All,False,False,Access directory as the signed in user,93,,,opentypeextension-update|opentypeextension-update|opentypeextension-update|opentypeextension-update|,https://graphpermissions.merill.net/permission/Directory.AccessAsUser.All.html
EAS.AccessAsUser.All,False,False,Access mailboxes via Exchange ActiveSync,0,,,,https://graphpermissions.merill.net/permission/EAS.AccessAsUser.All.html
EduAdministration.Read,False,False,Read education app settings,0,,,,https://graphpermissions.merill.net/permission/EduAdministration.Read.html
EduAdministration.ReadWrite,False,False,Manage education app settings,0,,,,https://graphpermissions.merill.net/permission/EduAdministration.ReadWrite.html
EduAssignments.Read,False,False,Read users' class assignments and their grades,30,,,educationsubmissionresource-list-dependentresources|educationsubmittedsubmissionresource-get|educati,https://graphpermissions.merill.net/permission/EduAssignments.Read.html
EduAssignments.ReadBasic,False,False,Read users' class assignments without grades,28,,,educationsubmissionresource-list-dependentresources|educationsubmittedsubmissionresource-get|educati,https://graphpermissions.merill.net/permission/EduAssignments.ReadBasic.html
EduAssignments.ReadWrite,False,False,Read and write users' class assignments and their grades,74,,,educationsubmissionresource-list-dependentresources|educationsubmittedsubmissionresource-get|educati,https://graphpermissions.merill.net/permission/EduAssignments.ReadWrite.html
EduAssignments.ReadWriteBasic,False,False,Read and write users' class assignments without grades,58,,,educationsubmittedsubmissionresource-get|educationassignmentsettings-update|educationassignment-remo,https://graphpermissions.merill.net/permission/EduAssignments.ReadWriteBasic.html
EduCurricula.Read,False,False,Read the user's class modules and resources,4,,,educationmodule-get|educationclass-list-modules|educationmodule-list-resources|educationmoduleresour,https://graphpermissions.merill.net/permission/EduCurricula.Read.html
EduCurricula.ReadWrite,False,False,Read and write the user's class modules and resources,14,,,educationmodule-publish|educationmodule-get|educationclass-list-modules|educationmodule-list-resourc,https://graphpermissions.merill.net/permission/EduCurricula.ReadWrite.html
EduRoster.Read,False,False,Read users' view of the roster,8,,,educationuser-get-user|educationuser-get-user|educationuser-get-user|educationuser-get-user|educatio,https://graphpermissions.merill.net/permission/EduRoster.Read.html
EduRoster.ReadBasic,False,False,Read a limited subset of users' view of the roster,27,,,educationclass-list-schools|educationuser-list-classes|educationuser-list-classes|educationclass-get,https://graphpermissions.merill.net/permission/EduRoster.ReadBasic.html
EduRoster.ReadWrite,False,False,Read and write users' view of the roster,3,,,educationuser-delta|educationclass-delta|educationschool-delta|educationuser-delta|educationclass-de,https://graphpermissions.merill.net/permission/EduRoster.ReadWrite.html
email,False,False,View users' email address,0,,,,https://graphpermissions.merill.net/permission/email.html
EngagementRole.Read,False,False,"Read a user's Viva Engage roles ",2,,,employeeexperienceuser-list-assignedroles|employeeexperienceuser-list-assignedroles|employeeexperien,https://graphpermissions.merill.net/permission/EngagementRole.Read.html
EntitlementMgmt-SubjectAccess.ReadWrite,False,False,Read and write entitlement management resources related to self-service operations,14,,,entitlementmanagement-post-assignmentrequests|accesspackageassignment-filterbycurrentuser|accesspack,https://graphpermissions.merill.net/permission/EntitlementMgmt-SubjectAccess.ReadWrite.html
EntraBackup.ReadWrite.Preview,False,False,"Create a preview job, read preview job and snapshots",1,,,entrarecoveryservices-snapshot-post-recoverypreviewjobs|,https://graphpermissions.merill.net/permission/EntraBackup.ReadWrite.Preview.html
EntraBackup.ReadWrite.Recovery,False,False,"Create preview and recovery job, read recovery job and snapshots",1,,,entrarecoveryservices-snapshot-post-recoveryjobs|,https://graphpermissions.merill.net/permission/EntraBackup.ReadWrite.Recovery.html
EWS.AccessAsUser.All,False,False,Access mailboxes as the signed-in user via Exchange Web Services,0,,,,https://graphpermissions.merill.net/permission/EWS.AccessAsUser.All.html
Family.Read,False,False,Read your family info,0,,,,https://graphpermissions.merill.net/permission/Family.Read.html
Files.Read,False,False,Read user files,144,,,driveitem-list-permissions|driveitem-list-permissions|driveitem-list-permissions|driveitem-list-perm,https://graphpermissions.merill.net/permission/Files.Read.html
Files.Read.Selected,False,False,Read files that the user selects (preview),0,,,,https://graphpermissions.merill.net/permission/Files.Read.Selected.html
Files.ReadWrite,False,False,Have full access to user files,1020,,,worksheetprotection-get|worksheetprotection-get|driveitem-list-permissions|driveitem-list-permission,https://graphpermissions.merill.net/permission/Files.ReadWrite.html
Files.ReadWrite.Selected,False,False,Read and write files that the user selects (preview),4,,,nameditem-delete|nameditem-delete|nameditem-delete|nameditem-delete|,https://graphpermissions.merill.net/permission/Files.ReadWrite.Selected.html
FileStorageContainer.Manage.All,False,False,Manage all file storage containers,29,,,filestoragecontainer-lock|filestoragecontainer-delete-permissions|filestoragecontainer-get|filestora,https://graphpermissions.merill.net/permission/FileStorageContainer.Manage.All.html
FileStorageContainerType.Manage.All,False,False,Manage file storage container types on behalf of the signed in user,9,,,filestorage-post-containertypes|filestoragecontainertype-update|filestorage-delete-containertypes|fi,https://graphpermissions.merill.net/permission/FileStorageContainerType.Manage.All.html
FileStorageContainerTypeReg.Manage.All,False,False,Manage file storage container type registrations on behalf of the signed in user,10,,,filestoragecontainertyperegistration-post-applicationpermissiongrants|filestoragecontainertyperegist,https://graphpermissions.merill.net/permission/FileStorageContainerTypeReg.Manage.All.html
Financials.ReadWrite.All,False,False,Read and write financials data,77,,,dynamics-vendor-delete|dynamics-vendor-delete|dynamics-create-unitsofmeasure|dynamics-create-unitsof,https://graphpermissions.merill.net/permission/Financials.ReadWrite.All.html
Goals-Export.Read.All,False,False,Read all goals and export jobs that a user can access,2,,,goals-list-exportjobs|goalsexportjob-get|,https://graphpermissions.merill.net/permission/Goals-Export.Read.All.html
Goals-Export.ReadWrite.All,False,False,Have full access to all goals and export jobs a user can access,1,,,goals-post-exportjobs|,https://graphpermissions.merill.net/permission/Goals-Export.ReadWrite.All.html
IdentityDiagnostic.Read,False,False,Read your identity diagnostics,0,,,,https://graphpermissions.merill.net/permission/IdentityDiagnostic.Read.html
IdentityDiagnostic.StartDiagnosis,False,False,Start identity diagnostics,0,,,,https://graphpermissions.merill.net/permission/IdentityDiagnostic.StartDiagnosis.html
IMAP.AccessAsUser.All,False,False,Read and write access to mailboxes via IMAP.,0,,,,https://graphpermissions.merill.net/permission/IMAP.AccessAsUser.All.html
InformationProtectionConfig.Read,False,False,Read configurations for protecting organizational data applicable to the user,0,,,,https://graphpermissions.merill.net/permission/InformationProtectionConfig.Read.html
InformationProtectionPolicy.Read,False,False,Read user sensitivity labels and label policies.,23,,,security-sensitivitylabel-extractcontentlabel|security-sensitivitylabel-extractcontentlabel|security,https://graphpermissions.merill.net/permission/InformationProtectionPolicy.Read.html
LearningAssignedCourse.Read,False,False,Read user's assignments,1,,,learningcourseactivity-get|learningcourseactivity-get|,https://graphpermissions.merill.net/permission/LearningAssignedCourse.Read.html
LearningProvider.Read,False,False,Read learning provider,2,,,learningprovider-get|employeeexperience-list-learningproviders|learningprovider-get|employeeexperien,https://graphpermissions.merill.net/permission/LearningProvider.Read.html
LearningProvider.ReadWrite,False,False,Manage learning provider,5,,,learningprovider-get|employeeexperience-list-learningproviders|employeeexperience-delete-learningpro,https://graphpermissions.merill.net/permission/LearningProvider.ReadWrite.html
LearningSelfInitiatedCourse.Read,False,False,Read user's self-initiated courses,1,,,learningcourseactivity-get|learningcourseactivity-get|,https://graphpermissions.merill.net/permission/LearningSelfInitiatedCourse.Read.html
LifecyclePolicies-Guests.Read.All,False,False,Read identity lifecycle policies for external guests,0,,,,https://graphpermissions.merill.net/permission/LifecyclePolicies-Guests.Read.All.html
LifecyclePolicies-Guests.ReadWrite.All,False,False,Read and write identity lifecycle policies for external guests,0,,,,https://graphpermissions.merill.net/permission/LifecyclePolicies-Guests.ReadWrite.All.html
Mail-Advanced.ReadWrite,False,False,"Read and write the user's mail, including modifying existing non-draft mails",0,,,,https://graphpermissions.merill.net/permission/Mail-Advanced.ReadWrite.html
Mail-Advanced.ReadWrite.Shared,False,False,"Read and write all mail the user can access, including modifying existing non-draft mails",0,,,,https://graphpermissions.merill.net/permission/Mail-Advanced.ReadWrite.Shared.html
Mail.Read.Shared,False,False,Read user and shared mail,2,,,user-getmailtips|user-getmailtips|user-getmailtips|user-getmailtips|,https://graphpermissions.merill.net/permission/Mail.Read.Shared.html
Mail.ReadBasic.Shared,False,False,Read user and shared basic mail,0,,,,https://graphpermissions.merill.net/permission/Mail.ReadBasic.Shared.html
Mail.ReadWrite.Shared,False,False,Read and write user and shared mail,0,,,,https://graphpermissions.merill.net/permission/Mail.ReadWrite.Shared.html
Mail.Send.Shared,False,False,Send mail on behalf of others,0,,,,https://graphpermissions.merill.net/permission/Mail.Send.Shared.html
MailboxFolder.Read,False,False,Read a user's mailbox folders,48,,,mailboxfolder-list-childfolders|mailbox-list-folders|mailboxfolder-delta|mailboxfolder-delta|multiva,https://graphpermissions.merill.net/permission/MailboxFolder.Read.html
MailboxFolder.ReadWrite,False,False,Read and write a user's mailbox folders,12,,,mailboxfolder-list-childfolders|mailbox-list-folders|mailboxfolder-delta|mailboxfolder-delta|mailbox,https://graphpermissions.merill.net/permission/MailboxFolder.ReadWrite.html
MailboxItem.Export,False,False,Export a user's mailbox items,1,,,mailbox-exportitems|mailbox-exportitems|,https://graphpermissions.merill.net/permission/MailboxItem.Export.html
MailboxItem.ImportExport,False,False,Export and import a user's mailbox items,2,,,mailbox-createimportsession|mailbox-exportitems|mailbox-createimportsession|mailbox-exportitems|,https://graphpermissions.merill.net/permission/MailboxItem.ImportExport.html
MailboxItem.Read,False,False,Read a user's mailbox items,9,,,multivaluelegacyextendedproperty-get|multivaluelegacyextendedproperty-get|multivaluelegacyextendedpr,https://graphpermissions.merill.net/permission/MailboxItem.Read.html
MailboxItem.ReadWrite,False,False,Read and write your mailbox items,1,,,mailboxfolder-delete-items|,https://graphpermissions.merill.net/permission/MailboxItem.ReadWrite.html
MailTips.ReadBasic.Shared,False,False,Read mail tips for mailboxes you can access,2,,,user-getmailtips|user-getmailtips|user-getmailtips|user-getmailtips|,https://graphpermissions.merill.net/permission/MailTips.ReadBasic.Shared.html
ManagedTenants.Read.All,False,False,Read all managed tenant information,22,,,managedtenants-managedtenant-list-myroles|managedtenants-managedtenant-list-managementactions|manage,https://graphpermissions.merill.net/permission/ManagedTenants.Read.All.html
ManagedTenants.ReadWrite.All,False,False,Read and write all managed tenant information,32,,,managedtenants-managedtenant-post-tenanttags|managedtenants-managedtenant-list-myroles|managedtenant,https://graphpermissions.merill.net/permission/ManagedTenants.ReadWrite.All.html
Notes.Create,False,False,Create user OneNote notebooks,94,,,section-post-pages|section-post-pages|section-post-pages|section-post-pages|notebook-list-sectiongro,https://graphpermissions.merill.net/permission/Notes.Create.html
Notes.Read,False,False,Read user OneNote notebooks,63,,,notebook-list-sectiongroups|notebook-list-sectiongroups|notebook-list-sectiongroups|notebook-list-se,https://graphpermissions.merill.net/permission/Notes.Read.html
Notes.ReadWrite,False,False,Read and write user OneNote notebooks,115,,,section-post-pages|section-post-pages|section-post-pages|section-post-pages|notebook-list-sectiongro,https://graphpermissions.merill.net/permission/Notes.ReadWrite.html
Notes.ReadWrite.CreatedByApp,False,False,Limited notebook access (deprecated),0,,,,https://graphpermissions.merill.net/permission/Notes.ReadWrite.CreatedByApp.html
Notifications.ReadWrite.CreatedByApp,False,False,Deliver and manage user notifications for this app,1,,,notifications-post|user-post-notifications|,https://graphpermissions.merill.net/permission/Notifications.ReadWrite.CreatedByApp.html
offline_access,False,False,Maintain access to data you have given it access to,0,,,,https://graphpermissions.merill.net/permission/offline_access.html
OnlineMeetings.Read,False,False,Read user's online meetings,15,,,virtualappointment-getvirtualappointmentjoinweburl|virtualappointment-getvirtualappointmentjoinwebur,https://graphpermissions.merill.net/permission/OnlineMeetings.Read.html
OnlineMeetings.ReadWrite,False,False,Read and create user's online meetings,41,,,virtualappointment-getvirtualappointmentjoinweburl|virtualappointment-getvirtualappointmentjoinwebur,https://graphpermissions.merill.net/permission/OnlineMeetings.ReadWrite.html
openid,False,False,Sign users in,0,,,,https://graphpermissions.merill.net/permission/openid.html
People.Read,False,False,Read users' relevant people lists,2,,,user-list-people|user-list-people|user-list-people|user-list-people|,https://graphpermissions.merill.net/permission/People.Read.html
Policy.ReadWrite.MobilityManagement,False,False,Read and write your organization's mobility management policies,14,,,mobiledevicemanagementpolicies-get|mobiledevicemanagementpolicies-update|mobiledevicemanagementpolic,https://graphpermissions.merill.net/permission/Policy.ReadWrite.MobilityManagement.html
POP.AccessAsUser.All,False,False,Read and write access to mailboxes via POP.,0,,,,https://graphpermissions.merill.net/permission/POP.AccessAsUser.All.html
Presence.Read,False,False,Read user's presence information,3,,,presence-get|presence-get|presence-get|presence-get|presence-get|presence-get|,https://graphpermissions.merill.net/permission/Presence.Read.html
Presence.ReadWrite,False,False,Read and write a user's presence information,9,,,presence-setmanuallocation|presence-clearlocation|presence-setautomaticlocation|presence-clearautoma,https://graphpermissions.merill.net/permission/Presence.ReadWrite.html
PrintConnector.Read.All,False,False,Read print connectors,12,,,print-list-connectors|printservice-get|printer-list-connectors|printserviceendpoint-get|printservice,https://graphpermissions.merill.net/permission/PrintConnector.Read.All.html
PrintConnector.ReadWrite.All,False,False,Read and write print connectors,15,,,print-list-connectors|printservice-get|printconnector-update|printconnector-delete|printer-list-conn,https://graphpermissions.merill.net/permission/PrintConnector.ReadWrite.All.html
Printer.Create,False,False,"Register printers  ",10,,,printservice-get|printserviceendpoint-get|printer-create|printservice-list-endpoints|printoperation-,https://graphpermissions.merill.net/permission/Printer.Create.html
Printer.FullControl.All,False,False,"Register, read, update, and unregister printers",21,,,printer-delete-tasktrigger|printer-update|printer-list-tasktriggers|printer-post-tasktriggers|print-,https://graphpermissions.merill.net/permission/Printer.FullControl.All.html
PrinterShare.Read.All,False,False,Read printer shares,16,,,printershare-get|printershare-get|printershare-list-allowedgroups|printservice-get|printershare-list,https://graphpermissions.merill.net/permission/PrinterShare.Read.All.html
PrinterShare.ReadBasic.All,False,False,Read basic information about printer shares,12,,,printershare-get|printershare-get|printservice-get|print-list-shares|printer-list-shares|printservic,https://graphpermissions.merill.net/permission/PrinterShare.ReadBasic.All.html
PrinterShare.ReadWrite.All,False,False,Read and write printer shares,30,,,printershare-delete-allowedgroup|printershare-get|printershare-get|printershare-post-allowedusers|pr,https://graphpermissions.merill.net/permission/PrinterShare.ReadWrite.All.html
PrintJob.Create,False,False,Create print jobs,12,,,printer-post-jobs|printservice-get|printserviceendpoint-get|printservice-list-endpoints|printjob-sta,https://graphpermissions.merill.net/permission/PrintJob.Create.html
PrintJob.Read,False,False,Read user's print jobs,14,,,printjob-get|printdocument-get-file|printservice-get|printer-list-jobs|printserviceendpoint-get|prin,https://graphpermissions.merill.net/permission/PrintJob.Read.html
PrintJob.ReadBasic,False,False,Read basic information of user's print jobs,12,,,printjob-get|printservice-get|printer-list-jobs|printserviceendpoint-get|printservice-list-endpoints,https://graphpermissions.merill.net/permission/PrintJob.ReadBasic.html
PrintJob.ReadWrite,False,False,Read and write user's print jobs,23,,,printjob-get|printer-post-jobs|printdocument-get-file|printservice-get|printjob-cancel|printer-list-,https://graphpermissions.merill.net/permission/PrintJob.ReadWrite.html
PrintJob.ReadWriteBasic,False,False,Read and write basic information of user's print jobs,20,,,printjob-get|printer-post-jobs|printservice-get|printjob-cancel|printer-list-jobs|printserviceendpoi,https://graphpermissions.merill.net/permission/PrintJob.ReadWriteBasic.html
PrintSettings.ReadWrite.All,False,False,Read and write tenant-wide print settings,9,,,print-update-settings|print-get-settings|printservice-get|printserviceendpoint-get|printservice-list,https://graphpermissions.merill.net/permission/PrintSettings.ReadWrite.All.html
profile,False,False,View users' basic profile,0,,,,https://graphpermissions.merill.net/permission/profile.html
PullPrintPrinter.FullControl.All,False,False,"Create, read, update and delete pull-print printers and manage member printers",0,,,,https://graphpermissions.merill.net/permission/PullPrintPrinter.FullControl.All.html
PullPrintPrinter.ReadWrite.All,False,False,Read and update pull-print printers,0,,,,https://graphpermissions.merill.net/permission/PullPrintPrinter.ReadWrite.All.html
ResourceSpecificPermissionGrant.ReadForChat,False,False,Read resource specific permissions granted on a chat,1,,,chat-list-permissiongrants|,https://graphpermissions.merill.net/permission/ResourceSpecificPermissionGrant.ReadForChat.html
ResourceSpecificPermissionGrant.ReadForTeam,False,False,Read resource specific permissions granted on a team,0,,,,https://graphpermissions.merill.net/permission/ResourceSpecificPermissionGrant.ReadForTeam.html
ResourceSpecificPermissionGrant.ReadForUser,False,False,Read resource specific permissions granted on a user account,1,,,user-list-permissiongrants|user-list-permissiongrants|,https://graphpermissions.merill.net/permission/ResourceSpecificPermissionGrant.ReadForUser.html
SecurityCopilotWorkspaces.Read.All,False,False,Read all Security Copilot resources for the signed-in user,8,,,securitycopilot-list-workspaces|securitycopilot-list-workspaces|security-securitycopilot-session-lis,https://graphpermissions.merill.net/permission/SecurityCopilotWorkspaces.Read.All.html
SecurityCopilotWorkspaces.ReadWrite.All,False,False,Read and write individually owned Security Copilot resources of the signed-in user,4,,,security-securitycopilot-session-update|security-securitycopilot-session-update|security-securitycop,https://graphpermissions.merill.net/permission/SecurityCopilotWorkspaces.ReadWrite.All.html
ServiceMessageViewpoint.Write,False,False,Update user status on service announcement messages,6,,,serviceupdatemessage-markunread|serviceupdatemessage-markread|serviceupdatemessage-unarchive|service,https://graphpermissions.merill.net/permission/ServiceMessageViewpoint.Write.html
ShortNotes.Read,False,False,Read short notes of the signed-in user,31,,,note-list-attachments|note-list-attachments|multivaluelegacyextendedproperty-get|multivaluelegacyext,https://graphpermissions.merill.net/permission/ShortNotes.Read.html
ShortNotes.ReadWrite,False,False,"Read, create, edit, and delete short notes of the signed-in user",100,,,note-list-attachments|note-list-attachments|note-post-attachments|note-post-attachments|opentypeexte,https://graphpermissions.merill.net/permission/ShortNotes.ReadWrite.html
SMTP.Send,False,False,Send emails from mailboxes using SMTP AUTH.,0,,,,https://graphpermissions.merill.net/permission/SMTP.Send.html
SubjectNameRegistration.ReadWrite,False,False,Read and write a subject name registration.,0,,,,https://graphpermissions.merill.net/permission/SubjectNameRegistration.ReadWrite.html
Subscription.Read.All,False,False,"Read all webhook subscriptions ",1,,,subscription-list|subscription-list|subscription-list|subscription-list|subscription-list|subscripti,https://graphpermissions.merill.net/permission/Subscription.Read.All.html
Tasks.Read,False,False,Read user's tasks and task lists,123,,,plannerplan-list-buckets|linkedresource-get|linkedresource-get|todotasklist-get|todotasklist-get|pla,https://graphpermissions.merill.net/permission/Tasks.Read.html
Tasks.Read.Shared,False,False,Read user and shared tasks,0,,,,https://graphpermissions.merill.net/permission/Tasks.Read.Shared.html
Tasks.ReadWrite,False,False,"Create, read, update, and delete user’s tasks and task lists",337,,,plannerplan-list-buckets|todotask-delete|todotask-delete|linkedresource-get|linkedresource-get|todot,https://graphpermissions.merill.net/permission/Tasks.ReadWrite.html
Tasks.ReadWrite.Shared,False,False,Read and write user and shared tasks,0,,,,https://graphpermissions.merill.net/permission/Tasks.ReadWrite.Shared.html
TeamsActivity.Read,False,False,Read user's teamwork activity feed,0,,,,https://graphpermissions.merill.net/permission/TeamsActivity.Read.html
TeamsAppInstallation.ManageSelectedForChat,False,False,Manage installation and permission grants of selected Teams apps in chats,6,,,chat-get-installedapps|chat-post-installedapps|chat-teamsappinstallation-upgrade|chat-delete-install,https://graphpermissions.merill.net/permission/TeamsAppInstallation.ManageSelectedForChat.html
TeamsAppInstallation.ManageSelectedForTeam,False,False,Manage installation and permission grants of selected Teams apps in teams,13,,,team-teamsappinstallation-upgrade|channel-delete-enabledapps|team-delete-installedapps|team-get-inst,https://graphpermissions.merill.net/permission/TeamsAppInstallation.ManageSelectedForTeam.html
TeamsAppInstallation.ManageSelectedForUser,False,False,Manage installation and permission grants of selected Teams apps in users' personal scope,6,,,userteamwork-list-installedapps|userteamwork-get-installedapps|userteamwork-post-installedapps|usert,https://graphpermissions.merill.net/permission/TeamsAppInstallation.ManageSelectedForUser.html
TeamsAppInstallation.ReadForChat,False,False,Read installed Teams apps in chats,3,,,chat-get-installedapps|chat-list-installedapps|chat-list-permissiongrants|chat-get-installedapps|cha,https://graphpermissions.merill.net/permission/TeamsAppInstallation.ReadForChat.html
TeamsAppInstallation.ReadForTeam,False,False,Read installed Teams apps in teams,7,,,team-get-installedapps|channel-list-enabledapps|team-list-permissiongrants|team-list-installedapps|t,https://graphpermissions.merill.net/permission/TeamsAppInstallation.ReadForTeam.html
TeamsAppInstallation.ReadForUser,False,False,Read user's installed Teams apps,6,,,userteamwork-list-installedapps|userteamwork-get-installedapps|userscopeteamsappinstallation-get-cha,https://graphpermissions.merill.net/permission/TeamsAppInstallation.ReadForUser.html
TeamsAppInstallation.ReadSelectedForChat,False,False,Read selected installed Teams apps in chats,0,,,,https://graphpermissions.merill.net/permission/TeamsAppInstallation.ReadSelectedForChat.html
TeamsAppInstallation.ReadSelectedForTeam,False,False,Read selected installed Teams apps in teams,0,,,,https://graphpermissions.merill.net/permission/TeamsAppInstallation.ReadSelectedForTeam.html
TeamsAppInstallation.ReadSelectedForUser,False,False,Read user's selected installed Teams apps,0,,,,https://graphpermissions.merill.net/permission/TeamsAppInstallation.ReadSelectedForUser.html
TeamsAppInstallation.ReadWriteAndConsentForChat,False,False,Manage installed Teams apps in chats,3,,,chat-post-installedapps|chat-teamsappinstallation-upgrade|chat-list-installedapps|chat-post-installe,https://graphpermissions.merill.net/permission/TeamsAppInstallation.ReadWriteAndConsentForChat.html
TeamsAppInstallation.ReadWriteAndConsentForTeam,False,False,Manage installed Teams apps in teams,3,,,team-teamsappinstallation-upgrade|team-get-installedapps|team-list-installedapps|team-teamsappinstal,https://graphpermissions.merill.net/permission/TeamsAppInstallation.ReadWriteAndConsentForTeam.html
TeamsAppInstallation.ReadWriteAndConsentForUser,False,False,Manage installation and permission grants of Teams apps in users' personal scope,6,,,userteamwork-list-installedapps|userteamwork-get-installedapps|userteamwork-post-installedapps|usert,https://graphpermissions.merill.net/permission/TeamsAppInstallation.ReadWriteAndConsentForUser.html
TeamsAppInstallation.ReadWriteAndConsentSelfForChat,False,False,Allow the Teams app to manage itself and its permission grants in chats,3,,,chat-post-installedapps|chat-teamsappinstallation-upgrade|chat-list-installedapps|chat-post-installe,https://graphpermissions.merill.net/permission/TeamsAppInstallation.ReadWriteAndConsentSelfForChat.html
TeamsAppInstallation.ReadWriteAndConsentSelfForTeam,False,False,Allow the Teams app to manage itself and its permission grants in teams,4,,,team-teamsappinstallation-upgrade|team-get-installedapps|team-post-installedapps|team-list-installed,https://graphpermissions.merill.net/permission/TeamsAppInstallation.ReadWriteAndConsentSelfForTeam.html
TeamsAppInstallation.ReadWriteAndConsentSelfForUser,False,False,Allow the Teams app to manage itself and its permission grants in user accounts,6,,,userteamwork-list-installedapps|userteamwork-get-installedapps|userteamwork-post-installedapps|usert,https://graphpermissions.merill.net/permission/TeamsAppInstallation.ReadWriteAndConsentSelfForUser.html
TeamsAppInstallation.ReadWriteForChat,False,False,Manage installed Teams apps in chats,6,,,chat-get-installedapps|chat-post-installedapps|chat-teamsappinstallation-upgrade|chat-delete-install,https://graphpermissions.merill.net/permission/TeamsAppInstallation.ReadWriteForChat.html
TeamsAppInstallation.ReadWriteForTeam,False,False,Manage installed Teams apps in teams,14,,,team-teamsappinstallation-upgrade|channel-delete-enabledapps|team-delete-installedapps|team-get-inst,https://graphpermissions.merill.net/permission/TeamsAppInstallation.ReadWriteForTeam.html
TeamsAppInstallation.ReadWriteForUser,False,False,Manage user's installed Teams apps,6,,,userteamwork-list-installedapps|userteamwork-get-installedapps|userscopeteamsappinstallation-get-cha,https://graphpermissions.merill.net/permission/TeamsAppInstallation.ReadWriteForUser.html
TeamsAppInstallation.ReadWriteSelectedForChat,False,False,Manage selected Teams apps installed in chats,0,,,,https://graphpermissions.merill.net/permission/TeamsAppInstallation.ReadWriteSelectedForChat.html
TeamsAppInstallation.ReadWriteSelectedForTeam,False,False,Manage selected Teams apps installed in teams,0,,,,https://graphpermissions.merill.net/permission/TeamsAppInstallation.ReadWriteSelectedForTeam.html
TeamsAppInstallation.ReadWriteSelectedForUser,False,False,Manage selected Teams apps installed for a user,6,,,userteamwork-list-installedapps|userteamwork-get-installedapps|userscopeteamsappinstallation-get-cha,https://graphpermissions.merill.net/permission/TeamsAppInstallation.ReadWriteSelectedForUser.html
TeamsAppInstallation.ReadWriteSelfForChat,False,False,Allow the Teams app to manage itself in chats,6,,,chat-get-installedapps|chat-post-installedapps|chat-teamsappinstallation-upgrade|chat-delete-install,https://graphpermissions.merill.net/permission/TeamsAppInstallation.ReadWriteSelfForChat.html
TeamsAppInstallation.ReadWriteSelfForTeam,False,False,Allow the app to manage itself in teams,6,,,team-teamsappinstallation-upgrade|team-delete-installedapps|team-get-installedapps|team-get-installe,https://graphpermissions.merill.net/permission/TeamsAppInstallation.ReadWriteSelfForTeam.html
TeamsAppInstallation.ReadWriteSelfForUser,False,False,Allow the Teams app to manage itself for a user,6,,,userteamwork-list-installedapps|userteamwork-get-installedapps|userscopeteamsappinstallation-get-cha,https://graphpermissions.merill.net/permission/TeamsAppInstallation.ReadWriteSelfForUser.html
TeamsTab.ReadWriteForChat,False,False,Allow the Teams app to manage all tabs in chats,5,,,chat-post-tabs|chat-patch-tabs|chat-patch-tabs|chat-get-tabs|chat-list-tabs|chat-delete-tabs|chat-de,https://graphpermissions.merill.net/permission/TeamsTab.ReadWriteForChat.html
TeamsTab.ReadWriteForTeam,False,False,Allow the Teams app to manage all tabs in teams,7,,,channel-delete-tabs|channel-list-tabs|channel-post-tabs|channel-get-tabs|channel-patch-tabs|channel-,https://graphpermissions.merill.net/permission/TeamsTab.ReadWriteForTeam.html
TeamsTab.ReadWriteForUser,False,False,Allow the Teams app to manage all tabs for a user,0,,,,https://graphpermissions.merill.net/permission/TeamsTab.ReadWriteForUser.html
TeamsTab.ReadWriteSelfForChat,False,False,Allow the Teams app to manage only its own tabs in chats,5,,,chat-post-tabs|chat-patch-tabs|chat-get-tabs|chat-list-tabs|chat-delete-tabs|chat-post-tabs|chat-pat,https://graphpermissions.merill.net/permission/TeamsTab.ReadWriteSelfForChat.html
TeamsTab.ReadWriteSelfForTeam,False,False,Allow the Teams app to manage only its own tabs in teams,7,,,channel-delete-tabs|channel-list-tabs|channel-post-tabs|channel-get-tabs|channel-patch-tabs|channel-,https://graphpermissions.merill.net/permission/TeamsTab.ReadWriteSelfForTeam.html
TeamsTab.ReadWriteSelfForUser,False,False,Allow the Teams app to manage only its own tabs for a user,0,,,,https://graphpermissions.merill.net/permission/TeamsTab.ReadWriteSelfForUser.html
TeamTemplates.Read,False,False,Read available Teams templates,4,,,teamtemplatedefinition-get-teamdefinition|teamtemplate-list-definitions|teamtemplatedefinition-get|t,https://graphpermissions.merill.net/permission/TeamTemplates.Read.html
TeamworkCustomEmoji.Create,False,False,Create custom emoji,1,,,teamworkmessaging-post-customemojis|,https://graphpermissions.merill.net/permission/TeamworkCustomEmoji.Create.html
TeamworkCustomEmoji.Read,False,False,Read custom emoji,1,,,teamworkmessaging-list-customemojis|,https://graphpermissions.merill.net/permission/TeamworkCustomEmoji.Read.html
TeamworkSection.Read,False,False,Read your sections,3,,,userteamwork-list-sections|teamworksection-get|teamworksection-list-items|,https://graphpermissions.merill.net/permission/TeamworkSection.Read.html
TeamworkSection.ReadWrite,False,False,Read and write your sections,9,,,teamworksection-delete|teamworksectionitem-move|userteamwork-post-sections|teamworksectionitem-delet,https://graphpermissions.merill.net/permission/TeamworkSection.ReadWrite.html
TeamworkTag.Read,False,False,Read tags in Teams,8,,,teamworktagmember-list|teamworktag-get|teamworktag-list|teamworktagmember-get|teamworktagmember-list,https://graphpermissions.merill.net/permission/TeamworkTag.Read.html
TeamworkTag.ReadWrite,False,False,Read and write tags in Teams,16,,,teamworktag-delete|teamworktagmember-list|teamworktag-post|teamworktagmember-delete|teamworktag-get|,https://graphpermissions.merill.net/permission/TeamworkTag.ReadWrite.html
TeamworkTargetedMessage.ReadWrite,False,False,Update targeted messages belonging to the user,2,,,userteamwork-deletetargetedmessage|chat-delete-targetedmessages|,https://graphpermissions.merill.net/permission/TeamworkTargetedMessage.ReadWrite.html
TeamworkUserInteraction.Read.All,False,False,Read all of the possible Teams interactions between the user and other users,1,,,teamwork-determineifinteractionisallowed|,https://graphpermissions.merill.net/permission/TeamworkUserInteraction.Read.All.html
TenantGovernance-Invitation.ReadWrite.All,False,False,Read and write Tenant Governance invitations,4,,,tenantgovernanceservices-governanceinvitation-get|tenantgovernanceservices-governanceinvitation-dele,https://graphpermissions.merill.net/permission/TenantGovernance-Invitation.ReadWrite.All.html
TenantGovernance-PolicyTemplate.ReadWrite.All,False,False,Read and write Tenant Governance policy templates,7,,,tenantgovernanceservices-governancepolicytemplate-get|tenantgovernanceservices-governancepolicytempl,https://graphpermissions.merill.net/permission/TenantGovernance-PolicyTemplate.ReadWrite.All.html
TenantGovernance-RelatedTenant.ReadWrite.All,False,False,Read and write related tenants,4,,,tenantgovernanceservices-list-relatedtenants|tenantgovernanceservices-relatedtenant-refresh|tenantgo,https://graphpermissions.merill.net/permission/TenantGovernance-RelatedTenant.ReadWrite.All.html
TenantGovernance-Relationship.ReadWrite.All,False,False,Read and write Tenant Governance relationships,3,,,tenantgovernanceservices-list-governancerelationships|tenantgovernanceservices-governancerelationshi,https://graphpermissions.merill.net/permission/TenantGovernance-Relationship.ReadWrite.All.html
TenantGovernance-Request.ReadWrite.All,False,False,Read and write Tenant Governance requests,4,,,tenantgovernanceservices-list-governancerequests|tenantgovernanceservices-governancerequest-update|t,https://graphpermissions.merill.net/permission/TenantGovernance-Request.ReadWrite.All.html
TenantGovernance-Setting.ReadWrite.All,False,False,Read and write Tenant Governance settings,3,,,tenantgovernanceservices-tenantgovernancesetting-update|tenantgovernanceservices-tenantgovernanceset,https://graphpermissions.merill.net/permission/TenantGovernance-Setting.ReadWrite.All.html
ThreatAssessment.ReadWrite.All,False,False,Read and write threat assessment requests,3,,,threatassessmentrequest-get|informationprotection-post-threatassessmentrequests|informationprotectio,https://graphpermissions.merill.net/permission/ThreatAssessment.ReadWrite.All.html
ThreatSubmission.Read,False,False,Read threat submissions,6,,,security-filethreatsubmission-list|security-urlthreatsubmission-list|security-filethreatsubmission-g,https://graphpermissions.merill.net/permission/ThreatSubmission.Read.html
ThreatSubmission.ReadWrite,False,False,Read and write threat submissions,9,,,security-filethreatsubmission-list|security-urlthreatsubmission-post-urlthreats|security-emailthreat,https://graphpermissions.merill.net/permission/ThreatSubmission.ReadWrite.html
Topic.Read.All,False,False,Read topic items,0,,,,https://graphpermissions.merill.net/permission/Topic.Read.All.html
UnifiedGroupMember.Read.AsGuest,False,False,Read unified group memberships as guest,0,,,,https://graphpermissions.merill.net/permission/UnifiedGroupMember.Read.AsGuest.html
User.Read,False,False,Sign in and read user profile,193,,,organization-list|directoryobject-checkmembergroups|user-get|user-get|directoryobject-checkmemberobj,https://graphpermissions.merill.net/permission/User.Read.html
User.ReadWrite,False,False,Read and write access to user profile,321,,,user-get|user-get|opentypeextension-update|opentypeextension-update|opentypeextension-update|opentyp,https://graphpermissions.merill.net/permission/User.ReadWrite.html
UserActivity.ReadWrite.CreatedByApp,False,False,Read and write app activity to users' activity feed,6,,,projectrome-put-historyitem|projectrome-get-activities|projectrome-put-activity|projectrome-get-rece,https://graphpermissions.merill.net/permission/UserActivity.ReadWrite.CreatedByApp.html
UserAuthenticationMethod.Read,False,False,Read user authentication methods.,35,,,phoneauthenticationmethod-get|authentication-list-softwareoathmethods|windowshelloforbusinessauthent,https://graphpermissions.merill.net/permission/UserAuthenticationMethod.Read.html
UserAuthenticationMethod.ReadWrite,False,False,Read and write user authentication methods,68,,,phoneauthenticationmethod-get|qrcode-delete|qrcode-delete|authentication-list-softwareoathmethods|wi,https://graphpermissions.merill.net/permission/UserAuthenticationMethod.ReadWrite.html
UserAuthMethod-Email.Read,False,False,Read the signed-in user's email authentication methods,2,,,emailauthenticationmethod-get|authentication-list-emailmethods|emailauthenticationmethod-get|authent,https://graphpermissions.merill.net/permission/UserAuthMethod-Email.Read.html
UserAuthMethod-Email.ReadWrite,False,False,Read and write the signed-in user's email authentication methods,5,,,emailauthenticationmethod-update|emailauthenticationmethod-delete|emailauthenticationmethod-get|auth,https://graphpermissions.merill.net/permission/UserAuthMethod-Email.ReadWrite.html
UserAuthMethod-External.Read,False,False,Read the signed-in user's external authentication methods,2,,,authentication-list-externalauthenticationmethods|externalauthenticationmethod-get|authentication-li,https://graphpermissions.merill.net/permission/UserAuthMethod-External.Read.html
UserAuthMethod-External.ReadWrite,False,False,Read and write the signed-in user's external authentication methods,4,,,authentication-list-externalauthenticationmethods|externalauthenticationmethod-get|authentication-de,https://graphpermissions.merill.net/permission/UserAuthMethod-External.ReadWrite.html
UserAuthMethod-HardwareOATH.Read,False,False,Read the signed-in user's HardwareOATH authentication methods,0,,,,https://graphpermissions.merill.net/permission/UserAuthMethod-HardwareOATH.Read.html
UserAuthMethod-HardwareOATH.ReadWrite,False,False,Read and write the signed-in user's HardwareOATH authentication methods,0,,,,https://graphpermissions.merill.net/permission/UserAuthMethod-HardwareOATH.ReadWrite.html
UserAuthMethod-MicrosoftAuthApp.Read,False,False,Read the signed-in user's Microsoft Authenticator authentication methods,4,,,microsoftauthenticatorauthenticationmethod-list|microsoftauthenticatorauthenticationmethod-get|passw,https://graphpermissions.merill.net/permission/UserAuthMethod-MicrosoftAuthApp.Read.html
UserAuthMethod-MicrosoftAuthApp.ReadWrite,False,False,Read and write the signed-in user's Microsoft Authenticator authentication methods,6,,,microsoftauthenticatorauthenticationmethod-list|microsoftauthenticatorauthenticationmethod-get|micro,https://graphpermissions.merill.net/permission/UserAuthMethod-MicrosoftAuthApp.ReadWrite.html
UserAuthMethod-Passkey.Read,False,False,Read the signed-in user's passkey authentication methods,2,,,fido2authenticationmethod-get|fido2authenticationmethod-list|fido2authenticationmethod-get|fido2auth,https://graphpermissions.merill.net/permission/UserAuthMethod-Passkey.Read.html
UserAuthMethod-Passkey.ReadWrite,False,False,Read and write the signed-in user's passkey authentication methods,3,,,fido2authenticationmethod-delete|fido2authenticationmethod-get|fido2authenticationmethod-list|fido2a,https://graphpermissions.merill.net/permission/UserAuthMethod-Passkey.ReadWrite.html
UserAuthMethod-Password.Read,False,False,Read the signed-in user's password authentication methods,2,,,authentication-list-passwordmethods|passwordauthenticationmethod-get|authentication-list-passwordmet,https://graphpermissions.merill.net/permission/UserAuthMethod-Password.Read.html
UserAuthMethod-Password.ReadWrite,False,False,Read and write the signed-in user's password authentication methods,2,,,authentication-list-passwordmethods|passwordauthenticationmethod-get|authentication-list-passwordmet,https://graphpermissions.merill.net/permission/UserAuthMethod-Password.ReadWrite.html
UserAuthMethod-Phone.Read,False,False,Read the signed-in user's phone authentication methods,2,,,phoneauthenticationmethod-get|authentication-list-phonemethods|phoneauthenticationmethod-get|authent,https://graphpermissions.merill.net/permission/UserAuthMethod-Phone.Read.html
UserAuthMethod-Phone.ReadWrite,False,False,Read and write the signed-in user's phone authentication methods,7,,,phoneauthenticationmethod-get|phoneauthenticationmethod-delete|phoneauthenticationmethod-update|phon,https://graphpermissions.merill.net/permission/UserAuthMethod-Phone.ReadWrite.html
UserAuthMethod-PlatformCred.Read,False,False,Read the signed-in user's platform credential authentication methods,2,,,platformcredentialauthenticationmethod-list|platformcredentialauthenticationmethod-get|platformcrede,https://graphpermissions.merill.net/permission/UserAuthMethod-PlatformCred.Read.html
UserAuthMethod-PlatformCred.ReadWrite,False,False,Read and write the signed-in user's platform credential authentication methods,3,,,platformcredentialauthenticationmethod-delete|platformcredentialauthenticationmethod-list|platformcr,https://graphpermissions.merill.net/permission/UserAuthMethod-PlatformCred.ReadWrite.html
UserAuthMethod-QR.Read,False,False,Read the signed-in user's QR authentication methods,4,,,qrcode-get|qrcode-get|qrcodepinauthenticationmethod-get|qrcode-get|qrcode-get|qrcodepinauthenticatio,https://graphpermissions.merill.net/permission/UserAuthMethod-QR.Read.html
UserAuthMethod-QR.ReadWrite,False,False,Read and write the signed-in user's QR authentication methods,12,,,qrcode-delete|qrcode-delete|qrcode-update|qrcode-update|qrcode-get|qrcode-get|qrcodepinauthenticatio,https://graphpermissions.merill.net/permission/UserAuthMethod-QR.ReadWrite.html
UserAuthMethod-SoftwareOATH.Read,False,False,Read the signed-in user's SoftwareOATH authentication methods,2,,,authentication-list-softwareoathmethods|softwareoathauthenticationmethod-get|authentication-list-sof,https://graphpermissions.merill.net/permission/UserAuthMethod-SoftwareOATH.Read.html
UserAuthMethod-SoftwareOATH.ReadWrite,False,False,Read and write the signed-in user's SoftwareOATH authentication methods,3,,,authentication-list-softwareoathmethods|softwareoathauthenticationmethod-get|softwareoathauthenticat,https://graphpermissions.merill.net/permission/UserAuthMethod-SoftwareOATH.ReadWrite.html
UserAuthMethod-TAP.Read,False,False,Read the signed-in user's Temporary Access Pass authentication methods,3,,,authentication-post-temporaryaccesspassmethods|temporaryaccesspassauthenticationmethod-get|authentic,https://graphpermissions.merill.net/permission/UserAuthMethod-TAP.Read.html
UserAuthMethod-TAP.ReadWrite,False,False,Read and write the signed-in user's Temporary Access Pass authentication methods,4,,,authentication-post-temporaryaccesspassmethods|temporaryaccesspassauthenticationmethod-delete|tempor,https://graphpermissions.merill.net/permission/UserAuthMethod-TAP.ReadWrite.html
UserAuthMethod-WindowsHello.Read,False,False,Read the signed-in user's Windows Hello methods,2,,,windowshelloforbusinessauthenticationmethod-get|windowshelloforbusinessauthenticationmethod-list|win,https://graphpermissions.merill.net/permission/UserAuthMethod-WindowsHello.Read.html
UserAuthMethod-WindowsHello.ReadWrite,False,False,Read and write the signed-in user's Windows Hello authentication methods,3,,,windowshelloforbusinessauthenticationmethod-get|windowshelloforbusinessauthenticationmethod-list|win,https://graphpermissions.merill.net/permission/UserAuthMethod-WindowsHello.ReadWrite.html
UserCloudClipboard.Read,False,False,Read cloud clipboard items,2,,,cloudclipboardroot-list-items|cloudclipboarditem-get|cloudclipboardroot-list-items|cloudclipboardite,https://graphpermissions.merill.net/permission/UserCloudClipboard.Read.html
UserTeamwork.Read,False,False,Read user teamwork settings,1,,,userteamwork-get|userteamwork-get|,https://graphpermissions.merill.net/permission/UserTeamwork.Read.html
UserTimelineActivity.Write.CreatedByApp,False,False,Write app activity to users' timeline,0,,,,https://graphpermissions.merill.net/permission/UserTimelineActivity.Write.CreatedByApp.html
UserWindowsSettings.Read.All,False,False,Read windows settings for all devices,4,,,windowssettinginstance-get|windowssetting-get|usersettings-list-windows|windowssetting-list-instance,https://graphpermissions.merill.net/permission/UserWindowsSettings.Read.All.html
UserWindowsSettings.ReadWrite.All,False,False,Read and write windows settings for all devices,2,,,windowssetting-delete|usersettings-list-windows|,https://graphpermissions.merill.net/permission/UserWindowsSettings.ReadWrite.All.html
VerifiedId-Profile.ReadWrite.All,False,False,Read and write Verified Id profiles,5,,,identityverifiedidroot-post-profiles|identityverifiedidroot-delete-profiles|verifiedidprofile-get|id,https://graphpermissions.merill.net/permission/VerifiedId-Profile.ReadWrite.All.html
VirtualAppointment.Read,False,False,Read a user's virtual appointments,2,,,virtualappointment-getvirtualappointmentjoinweburl|virtualappointment-getvirtualappointmentjoinwebur,https://graphpermissions.merill.net/permission/VirtualAppointment.Read.html
VirtualAppointment.ReadWrite,False,False,"Read and write a user's virtual appointments  ",2,,,virtualappointment-getvirtualappointmentjoinweburl|virtualappointment-getvirtualappointmentjoinwebur,https://graphpermissions.merill.net/permission/VirtualAppointment.ReadWrite.html
VirtualEvent.Read,False,False,Read your virtual events,21,,,virtualeventtownhallregistrationconfiguration-get|virtualeventwebinarregistrationconfiguration-get|v,https://graphpermissions.merill.net/permission/VirtualEvent.Read.html
VirtualEvent.ReadWrite,False,False,Read and write your virtual events,35,,,virtualeventtownhallregistrationconfiguration-get|virtualeventregistrationquestionbase-delete|virtua,https://graphpermissions.merill.net/permission/VirtualEvent.ReadWrite.html
Chat.Manage.Chat,False,False,,25,,,chat-get-installedapps|chat-get-members|chat-get-members|chat-delete-members|chat-post-members|chat-,https://graphpermissions.merill.net/permission/Chat.Manage.Chat.html
TeamsAppInstallation.Read.Chat,False,False,,3,,,chat-get-installedapps|chat-list-installedapps|chat-list-permissiongrants|chat-get-installedapps|cha,https://graphpermissions.merill.net/permission/TeamsAppInstallation.Read.Chat.html
OnlineMeetingTranscript.Read.Chat,False,False,,9,,,onlinemeeting-list-transcripts|onlinemeeting-list-transcripts|onlinemeeting-list-transcripts|onlinem,https://graphpermissions.merill.net/permission/OnlineMeetingTranscript.Read.Chat.html
ChannelSettings.Read.Group,False,False,,3,,,channel-get|team-get-primarychannel|channel-list|channel-get|team-get-primarychannel|channel-list|,https://graphpermissions.merill.net/permission/ChannelSettings.Read.Group.html
ChannelSettings.ReadWrite.Group,False,False,,4,,,channel-get|team-get-primarychannel|channel-patch|channel-list|channel-get|team-get-primarychannel|c,https://graphpermissions.merill.net/permission/ChannelSettings.ReadWrite.Group.html
ChannelMember.ReadWrite.Group,False,False,,14,,,sharedwithchannelteaminfo-delete|channel-post-members|conversationmember-add|channel-list-allmembers,https://graphpermissions.merill.net/permission/ChannelMember.ReadWrite.Group.html
VirtualEvent.Read.Chat,False,False,,9,,,virtualeventregistration-list-sessions|virtualeventregistration-get|virtualeventtownhall-get|virtual,https://graphpermissions.merill.net/permission/VirtualEvent.Read.Chat.html
TeamSettings.Read.Group,False,False,,1,,,team-get|team-get|,https://graphpermissions.merill.net/permission/TeamSettings.Read.Group.html
TeamSettings.ReadWrite.Group,False,False,,4,,,team-get|team-archive|team-update|team-unarchive|team-get|team-archive|team-update|team-unarchive|,https://graphpermissions.merill.net/permission/TeamSettings.ReadWrite.Group.html
ChatMember.Read.Chat,False,False,,12,,,chat-get-members|chat-get-members|subscription-delete|subscription-list|subscription-update|subscrip,https://graphpermissions.merill.net/permission/ChatMember.Read.Chat.html
TeamMember.Read.Group,False,False,,6,,,chat-get-members|chat-get-members|team-get-members|team-list-members|conversationmember-get|conversa,https://graphpermissions.merill.net/permission/TeamMember.Read.Group.html
TeamsTab.Delete.Group,False,False,,1,,,channel-delete-tabs|channel-delete-tabs|,https://graphpermissions.merill.net/permission/TeamsTab.Delete.Group.html
TeamsTab.ReadWrite.Group,False,False,,5,,,channel-delete-tabs|channel-list-tabs|channel-get-tabs|channel-patch-tabs|channel-delete-tabs|channe,https://graphpermissions.merill.net/permission/TeamsTab.ReadWrite.Group.html
File.Read.Group,False,False,,1,,,channel-get-filesfolder|channel-get-filesfolder|,https://graphpermissions.merill.net/permission/File.Read.Group.html
Policy.Read.HybridAuthentication,False,False,,6,,,featurerolloutpolicies-list|onpremisesagent-list|onpremisesagent-get|onpremisesagentgroup-get|onprem,https://graphpermissions.merill.net/permission/Policy.Read.HybridAuthentication.html
Policy.ReadWrite.HybridAuthentication,False,False,,14,,,featurerolloutpolicies-list|featurerolloutpolicy-delete-appliesto|featurerolloutpolicies-post|featur,https://graphpermissions.merill.net/permission/Policy.ReadWrite.HybridAuthentication.html
ChatMessage.Read.Chat,False,False,,9,,,chat-list-messages|chat-list-messages|chat-list-messages|chat-list-messages|chat-list-messages|chat-,https://graphpermissions.merill.net/permission/ChatMessage.Read.Chat.html
OrgSettings-MicrosoftInstall.Read.All,False,False,,1,,,m365appsinstallationoptions-get|m365appsinstallationoptions-get|m365appsinstallationoptions-get|m365,https://graphpermissions.merill.net/permission/OrgSettings-MicrosoftInstall.Read.All.html
OrgSettings-MicrosoftInstall.ReadWrite.All,False,False,,2,,,m365appsinstallationoptions-get|m365appsinstallationoptions-get|m365appsinstallationoptions-update|m,https://graphpermissions.merill.net/permission/OrgSettings-MicrosoftInstall.ReadWrite.All.html
TeamsTab.Create.Chat,False,False,,1,,,chat-post-tabs|chat-post-tabs|,https://graphpermissions.merill.net/permission/TeamsTab.Create.Chat.html
TeamsTab.ReadWrite.Chat,False,False,,4,,,chat-post-tabs|chat-patch-tabs|chat-get-tabs|chat-delete-tabs|chat-post-tabs|chat-patch-tabs|chat-ge,https://graphpermissions.merill.net/permission/TeamsTab.ReadWrite.Chat.html
Chat.ManageDeletion.Chat,False,False,,3,,,chat-delete|deletedchat-get|deletedchat-undodelete|chat-delete|deletedchat-get|deletedchat-undodelet,https://graphpermissions.merill.net/permission/Chat.ManageDeletion.Chat.html
PrintAlertSettings.Read.All,False,False,,7,,,printservice-get|printserviceendpoint-get|printservice-list-endpoints|print-list-services|printservi,https://graphpermissions.merill.net/permission/PrintAlertSettings.Read.All.html
PrintAlertSettings.ReadWrite.All,False,False,,7,,,printservice-get|printserviceendpoint-get|printservice-list-endpoints|print-list-services|printservi,https://graphpermissions.merill.net/permission/PrintAlertSettings.ReadWrite.All.html
OnlineMeetingTranscript.Read.All (for online meetings)   CallTranscripts.Read.All (for ad hoc calls),False,False,,2,,,calltranscript-get|calltranscript-get|,https://graphpermissions.merill.net/permission/OnlineMeetingTranscript.Read.All (for online meetings)   CallTranscripts.Read.All (for ad hoc calls).html
OnlineMeetingTranscript.Read.Chat (for online meetings)  CallTranscripts.Read.All (for ad hoc calls),False,False,,2,,,calltranscript-get|calltranscript-get|,https://graphpermissions.merill.net/permission/OnlineMeetingTranscript.Read.Chat (for online meetings)  CallTranscripts.Read.All (for ad hoc calls).html
TeamsAppInstallation.Read.User,False,False,,3,,,userteamwork-list-installedapps|userteamwork-get-installedapps|userscopeteamsappinstallation-get-cha,https://graphpermissions.merill.net/permission/TeamsAppInstallation.Read.User.html
TeamsTab.Read.Group,False,False,,3,,,channel-list-tabs|channel-get-tabs|channel-list-tabs|channel-get-tabs|,https://graphpermissions.merill.net/permission/TeamsTab.Read.Group.html
ChannelMessage.Read.Group,False,False,,15,,,chatmessagehostedcontent-get|chatmessagehostedcontent-get|subscription-delete|subscription-list|chat,https://graphpermissions.merill.net/permission/ChannelMessage.Read.Group.html
TeamsActivity.Send.User,False,False,,2,,,teamwork-sendactivitynotificationtorecipients|userteamwork-sendactivitynotification|teamwork-sendact,https://graphpermissions.merill.net/permission/TeamsActivity.Send.User.html
TeamsTab.Create.Group,False,False,,2,,,channel-post-tabs|channel-post-tabs|,https://graphpermissions.merill.net/permission/TeamsTab.Create.Group.html
AppRegistration.Create,False,False,,1,,,application-post-applications|application-post-applications|application-post-applications|applicatio,https://graphpermissions.merill.net/permission/AppRegistration.Create.html
ChatSettings.ReadWrite.Chat,False,False,,13,,,chat-patch|subscription-delete|subscription-list|subscription-update|subscription-post-subscriptions,https://graphpermissions.merill.net/permission/ChatSettings.ReadWrite.Chat.html
Calls.JoinGroupCalls.Chat,False,False,,2,,,application-post-calls|application-post-calls|application-post-calls|,https://graphpermissions.merill.net/permission/Calls.JoinGroupCalls.Chat.html
ChannelMember.Read.Group,False,False,,7,,,channel-list-allmembers|channel-get-members|sharedwithchannelteaminfo-list-allowedmembers|channel-li,https://graphpermissions.merill.net/permission/ChannelMember.Read.Group.html
OnlineMeetingRecording.Read.Chat,False,False,,9,,,onlinemeeting-list-recordings|onlinemeeting-list-recordings|onlinemeeting-list-recordings|onlinemeet,https://graphpermissions.merill.net/permission/OnlineMeetingRecording.Read.Chat.html
TeamsTab.Read.Chat,False,False,,1,,,chat-get-tabs|chat-get-tabs|,https://graphpermissions.merill.net/permission/TeamsTab.Read.Chat.html
AiEnterpriseInteraction.Read.User,False,False,,7,,,subscription-delete|subscription-list|subscription-update|subscription-post-subscriptions|subscripti,https://graphpermissions.merill.net/permission/AiEnterpriseInteraction.Read.User.html
ChatSettings.Read.Chat,False,False,,12,,,subscription-delete|subscription-list|subscription-update|subscription-post-subscriptions|chat-get|c,https://graphpermissions.merill.net/permission/ChatSettings.Read.Chat.html
SecurityData.Manage.All,False,False,,2,,,security-incident-mergeincidents|security-incident-mergeincidents|security-alert-movealerts|security,https://graphpermissions.merill.net/permission/SecurityData.Manage.All.html
TeamsActivity.Send.Group,False,False,,1,,,team-sendactivitynotification|team-sendactivitynotification|,https://graphpermissions.merill.net/permission/TeamsActivity.Send.Group.html
EduRoster.Write,False,False,,5,,,educationuser-get-user|educationuser-get-user|educationuser-get-user|educationuser-get-user|educatio,https://graphpermissions.merill.net/permission/EduRoster.Write.html
OnlineMeetingArtifact.Read.Chat,False,False,,6,,,meetingattendancereport-get|meetingattendancereport-get|meetingattendancereport-list|meetingattendan,https://graphpermissions.merill.net/permission/OnlineMeetingArtifact.Read.Chat.html
EduRoster.WriteWrite.All,False,False,,2,,,educationuser-delta|educationschool-delta|educationuser-delta|educationschool-delta|,https://graphpermissions.merill.net/permission/EduRoster.WriteWrite.All.html
VirtualEventRegistration-Anon.ReadWrite.Chat,False,False,,2,,,virtualeventwebinar-post-registrations|virtualeventregistration-cancel|virtualeventwebinar-post-regi,https://graphpermissions.merill.net/permission/VirtualEventRegistration-Anon.ReadWrite.Chat.html
TeamsAppInstallation.Read.Group,False,False,,7,,,team-get-installedapps|channel-list-enabledapps|team-list-permissiongrants|team-list-installedapps|t,https://graphpermissions.merill.net/permission/TeamsAppInstallation.Read.Group.html
UserWindowsSettings.Read,False,False,,8,,,windowssettinginstance-get|windowssetting-get|usersettings-list-windows|windowssetting-list-instance,https://graphpermissions.merill.net/permission/UserWindowsSettings.Read.html
Channel.Delete.Group,False,False,,1,,,channel-delete|channel-delete|,https://graphpermissions.merill.net/permission/Channel.Delete.Group.html
TeamsActivity.Send.Chat,False,False,,1,,,chat-sendactivitynotification|chat-sendactivitynotification|,https://graphpermissions.merill.net/permission/TeamsActivity.Send.Chat.html
TeamsApp.Read.Group,False,False,,1,,,team-list-permissiongrants|team-list-permissiongrants|,https://graphpermissions.merill.net/permission/TeamsApp.Read.Group.html
OnlineMeetingRecording.Read.All (for online meetings)  CallRecording.Read.All (for ad hoc calls),False,False,,2,,,callrecording-get|callrecording-get|callrecording-get|callrecording-get|,https://graphpermissions.merill.net/permission/OnlineMeetingRecording.Read.All (for online meetings)  CallRecording.Read.All (for ad hoc calls).html
OnlineMeetingRecording.Read.Chat (for online meetings)  CallRecordings.Read.All (for ad hoc calls),False,False,,2,,,callrecording-get|callrecording-get|callrecording-get|callrecording-get|,https://graphpermissions.merill.net/permission/OnlineMeetingRecording.Read.Chat (for online meetings)  CallRecordings.Read.All (for ad hoc calls).html
TeamsTab.Delete.Chat,False,False,,1,,,chat-delete-tabs|chat-delete-tabs|,https://graphpermissions.merill.net/permission/TeamsTab.Delete.Chat.html
Channel.Create.Group,False,False,,1,,,channel-post|channel-post|,https://graphpermissions.merill.net/permission/Channel.Create.Group.html
ChannelMember.ReadWrite,False,False,,2,,,conversationmember-get|conversationmember-get|,https://graphpermissions.merill.net/permission/ChannelMember.ReadWrite.html
Policy.ReadWrite.OnPremAuthenticationPolicy,False,False,,7,,,onpremauthenticationpolicy-delete-appliesto|onpremauthenticationpolicy-post-appliesto|policyroot-lis,https://graphpermissions.merill.net/permission/Policy.ReadWrite.OnPremAuthenticationPolicy.html
PermissionsAnalytics.Read.OwnedBy,False,False,,51,,,privilegeescalationawsresourcefinding-list|awsidentityaccessmanagementkeyusagefinding-aggregatedsumm,https://graphpermissions.merill.net/permission/PermissionsAnalytics.Read.OwnedBy.html
ServiceActivity-MicrosoftWeb.Read.All,False,False,,5,,,serviceactivity-getactiveusermetricsforexcelweb|serviceactivity-getactiveusermetricsforexcelweb|serv,https://graphpermissions.merill.net/permission/ServiceActivity-MicrosoftWeb.Read.All.html
ScheduledPermissions.ReadWrite.All,False,False,,1,,,permissionsmanagement-post-scheduledpermissionsrequests|,https://graphpermissions.merill.net/permission/ScheduledPermissions.ReadWrite.All.html
Policy.Read.OnPremAuthenticationPolicy,False,False,,3,,,onpremauthenticationpolicy-list-appliesto|policyroot-list-onpremauthenticationpolicies|onpremauthent,https://graphpermissions.merill.net/permission/Policy.Read.OnPremAuthenticationPolicy.html
DeviceTemplate.Read,False,False,,2,,,devicetemplate-list-owners|devicetemplate-get|,https://graphpermissions.merill.net/permission/DeviceTemplate.Read.html
CloudLicensing.Read,False,False,,15,,,cloudlicensing-admincloudlicensing-list-assignmenterrors|cloudlicensing-allotment-list-assignments|c,https://graphpermissions.merill.net/permission/CloudLicensing.Read.html
CloudLicensing.Read.All,False,False,,15,,,cloudlicensing-admincloudlicensing-list-assignmenterrors|cloudlicensing-admincloudlicensing-list-ass,https://graphpermissions.merill.net/permission/CloudLicensing.Read.All.html
User-CloudLicensing.Read.All,False,False,,18,,,cloudlicensing-admincloudlicensing-list-assignmenterrors|cloudlicensing-admincloudlicensing-list-ass,https://graphpermissions.merill.net/permission/User-CloudLicensing.Read.All.html
Policy.Read.BBManagementPolicy,False,False,,2,,,policyroot-list-b2bmanagementpolicies|policyroot-list-b2bmanagementpolicies|b2bmanagementpolicy-get|,https://graphpermissions.merill.net/permission/Policy.Read.BBManagementPolicy.html
Policy.ReadWrite.BBManagementPolicy,False,False,,5,,,policyroot-list-b2bmanagementpolicies|policyroot-list-b2bmanagementpolicies|policyroot-delete-b2bman,https://graphpermissions.merill.net/permission/Policy.ReadWrite.BBManagementPolicy.html
Zone.Read.All,False,False,,4,,,security-zone-get|security-zone-get|security-environment-get|security-environment-get|security-zone-,https://graphpermissions.merill.net/permission/Zone.Read.All.html
Zone.ReadWrite.All,False,False,,9,,,security-zone-get|security-zone-get|security-zone-delete|security-zone-delete|security-zone-post-env,https://graphpermissions.merill.net/permission/Zone.ReadWrite.All.html
ManagedTenant.Read.All,False,False,,1,,,managedtenants-managedtenant-list-auditevents|,https://graphpermissions.merill.net/permission/ManagedTenant.Read.All.html
ManagedTenant.ReadWrite.All,False,False,,1,,,managedtenants-managedtenant-list-auditevents|,https://graphpermissions.merill.net/permission/ManagedTenant.ReadWrite.All.html
OnlineMeetingTranscript.Read.All (for online meetings) CallTranscripts.Read.All (for ad hoc calls),False,False,,2,,,calltranscript-get|calltranscript-get|,https://graphpermissions.merill.net/permission/OnlineMeetingTranscript.Read.All (for online meetings) CallTranscripts.Read.All (for ad hoc calls).html
OnlineMeetingTranscript.Read.Chat (for online meetings) CallTranscripts.Read.All (for ad hoc calls),False,False,,2,,,calltranscript-get|calltranscript-get|,https://graphpermissions.merill.net/permission/OnlineMeetingTranscript.Read.Chat (for online meetings) CallTranscripts.Read.All (for ad hoc calls).html
User-UsageRight.Read,False,False,,4,,,cloudlicensing-usercloudlicensing-list-waitingmembers|cloudlicensing-usercloudlicensing-list-waiting,https://graphpermissions.merill.net/permission/User-UsageRight.Read.html
User-CloudLicensing.Read,False,False,,15,,,cloudlicensing-usercloudlicensing-list-waitingmembers|cloudlicensing-usercloudlicensing-list-usageri,https://graphpermissions.merill.net/permission/User-CloudLicensing.Read.html
User-UsageRight.Read.All,False,False,,4,,,cloudlicensing-usercloudlicensing-list-waitingmembers|cloudlicensing-usercloudlicensing-list-waiting,https://graphpermissions.merill.net/permission/User-UsageRight.Read.All.html
DeviceManagementEndpointSecurity.ReadWrite.All,False,False,,21,,,intune-deviceconfigv2-devicemanagementconfigurationpolicy-update|intune-deviceconfigv2-devicemanagem,https://graphpermissions.merill.net/permission/DeviceManagementEndpointSecurity.ReadWrite.All.html
CloudLicensing.AssignLicenses,False,False,,7,,,cloudlicensing-assignment-update|cloudlicensing-assignment-update|cloudlicensing-admincloudlicensing,https://graphpermissions.merill.net/permission/CloudLicensing.AssignLicenses.html
CloudLicensing.AssignLicenses.Organization,False,False,,8,,,cloudlicensing-assignment-update|cloudlicensing-assignment-update|cloudlicensing-assignment-update|c,https://graphpermissions.merill.net/permission/CloudLicensing.AssignLicenses.Organization.html
User-CloudLicensing.AssignLicenses,False,False,,7,,,cloudlicensing-assignment-update|cloudlicensing-assignment-update|cloudlicensing-admincloudlicensing,https://graphpermissions.merill.net/permission/User-CloudLicensing.AssignLicenses.html
User-CloudLicensing.AssignLicenses.Organization,False,False,,8,,,cloudlicensing-assignment-update|cloudlicensing-assignment-update|cloudlicensing-assignment-update|c,https://graphpermissions.merill.net/permission/User-CloudLicensing.AssignLicenses.Organization.html
Group-CloudLicensing.AssignLicenses,False,False,,7,,,cloudlicensing-assignment-update|cloudlicensing-assignment-update|cloudlicensing-admincloudlicensing,https://graphpermissions.merill.net/permission/Group-CloudLicensing.AssignLicenses.html
Group-CloudLicensing.AssignLicenses.Organization,False,False,,8,,,cloudlicensing-assignment-update|cloudlicensing-assignment-update|cloudlicensing-assignment-update|c,https://graphpermissions.merill.net/permission/Group-CloudLicensing.AssignLicenses.Organization.html
Group-UsageRight.Read.All,False,False,,5,,,cloudlicensing-usageright-get|cloudlicensing-usageright-get|cloudlicensing-usageright-get|cloudlicen,https://graphpermissions.merill.net/permission/Group-UsageRight.Read.All.html
Group-CloudLicensing.Read,False,False,,10,,,cloudlicensing-usageright-get|cloudlicensing-usageright-get|cloudlicensing-allotment-list-assignment,https://graphpermissions.merill.net/permission/Group-CloudLicensing.Read.html
Group-CloudLicensing.Read.All,False,False,,11,,,cloudlicensing-usageright-get|cloudlicensing-usageright-get|cloudlicensing-usageright-get|cloudlicen,https://graphpermissions.merill.net/permission/Group-CloudLicensing.Read.All.html
Global Administrator,False,False,,2,,,cloudpcexternalpartner-configureagent|cloudpcexternalpartner-deployagent|,https://graphpermissions.merill.net/permission/Global Administrator.html
DeviceManagementEndpointSecurity.Read.All,False,False,,10,,,intune-deviceconfigv2-devicemanagementconfigurationpolicytemplate-get|intune-deviceconfigv2-devicema,https://graphpermissions.merill.net/permission/DeviceManagementEndpointSecurity.Read.All.html
Storyline.Read.All,False,False,,2,,,storyline-list-followings|storyline-list-followers|,https://graphpermissions.merill.net/permission/Storyline.Read.All.html
CloudPC.ReadWrite,False,False,,2,,,user-list-cloudpcpools|user-get-cloudpcpool|,https://graphpermissions.merill.net/permission/CloudPC.ReadWrite.html
Site.FullControl.All,False,False,,1,,,site-post-permissions|,https://graphpermissions.merill.net/permission/Site.FullControl.All.html
OrgContact.Read,False,False,,1,,,orgcontact-get-transitivereports|orgcontact-get-transitivereports|,https://graphpermissions.merill.net/permission/OrgContact.Read.html
DeviceManagementManagedDevices.PriviligedOperation.All,False,False,,1,,,intune-shared-user-removealldevicesfrommanagement|intune-shared-user-removealldevicesfrommanagement|,https://graphpermissions.merill.net/permission/DeviceManagementManagedDevices.PriviligedOperation.All.html
ThreatSubmissionPolicies.ReadWrite.All,False,False,,1,,,security-emailthreatsubmissionpolicy-delete|,https://graphpermissions.merill.net/permission/ThreatSubmissionPolicies.ReadWrite.All.html
Windows  Administrator,False,False,,1,,,cloudpcexternalpartner-deployagent|,https://graphpermissions.merill.net/permission/Windows  Administrator.html
Site.Manage.All,False,False,,1,,,contentmodel-addtodrive|contentmodel-addtodrive|contentmodel-addtodrive|contentmodel-addtodrive|,https://graphpermissions.merill.net/permission/Site.Manage.All.html
